S.No,Product Name,Brand,Price,Original Price,Discount,Rating,Rating Count,Review Count,RAM,ROM,Battery,Processor,Display Size,Camera,Network Type,Product URL,Scraped Date
1,"Ai+ Pulse 2 (Purple, 64 GB)",Ai+,9999,10999,9% off,4.3,"5,935",275,4 GB RAM,64 GB ROM,6000 mAh Battery,T7250 Processor,17.13 cm (6.745 inch) HD+ Display,50MP Rear Camera | 8MP Front Camera,,https://www.flipkart.com/ai-pulse-2-purple-64-gb/p/itmdc910ae2ff0c1?pid=MOBHKHPYQHGDVRTG&lid=LSTMOBHKHPYQHGDVRTGJBHZI8&marketplace=FLIPKART&q=smart+phones&store=tyy%2F4io&srno=s_1_1&otracker=search&fm=organic&iid=5b1cbd4d-859e-4a61-ac2a-2b5a7c62949e.MOBHKHPYQHGDVRTG.SEARCH&ppt=None&ppn=None&ssid=gdbdtp4rpc0000001784441529453&qH=a5594894156db043&ov_redirect=true,2026-07-19
2,"realme P4 Lite (Sea Blue, 64 GB)",realme,12999,24999,48% off,4,"4,114",219,4 GB RAM,64 GB ROM,6300 mAh Battery,T7250 Processor,17.14 cm (6.75 inch) HD+ Display,13MP Rear Camera | 5MP Front Camera,,https://www.flipkart.com/realme-p4-lite-sea-blue-64-gb/p/itm029fbc88fdc91?pid=MOBHMX7KEQPFYJ5U&lid=LSTMOBHMX7KEQPFYJ5UYOGZ28&marketplace=FLIPKART&q=smart+phones&store=tyy%2F4io&srno=s_1_2&otracker=search&fm=organic&iid=5b1cbd4d-859e-4a61-ac2a-2b5a7c62949e.MOBHMX7KEQPFYJ5U.SEARCH&ppt=None&ppn=None&ssid=gdbdtp4rpc0000001784441529453&qH=a5594894156db043&ov_redirect=true,2026-07-19
3,"MOTOROLA g37 power (PANTONE Capri, 128 GB)",MOTOROLA,16999,30499,44% off,4.2,"1,659",211,4 GB RAM,128 GB ROM,7000 mAh Battery,Dimensity 6400 Processor,16.92 cm (6.66 inch) HD+ Display,50MP Rear Camera | 8MP Front Camera,,https://www.flipkart.com/motorola-g37-power-pantone-capri-128-gb/p/itm30e95f8678f47?pid=MOBHHVFYHG7QUTDZ&lid=LSTMOBHHVFYHG7QUTDZUQRD2N&marketplace=FLIPKART&q=smart+phones&store=tyy%2F4io&srno=s_1_3&otracker=search&fm=organic&iid=5b1cbd4d-859e-4a61-ac2a-2b5a7c62949e.MOBHHVFYHG7QUTDZ.SEARCH&ppt=None&ppn=None&ssid=gdbdtp4rpc0000001784441529453&qH=a5594894156db043&ov_redirect=true,2026-07-19
4,"MOTOROLA g06 power (Pantone tapestry, 64 GB)",MOTOROLA,13999,19999,30% off,4.2,"20,628","1,179",4 GB RAM,64 GB ROM,7000 mAh Battery,Helio G81 Processor,17.48 cm (6.88 inch) HD+ Display,50MP Rear Camera | 8MP Front Camera,,https://www.flipkart.com/motorola-g06-power-pantone-tapestry-64-gb/p/itm29390fa68401d?pid=MOBHN973FFYHGUGG&lid=LSTMOBHN973FFYHGUGG27JKDQ&marketplace=FLIPKART&q=smart+phones&store=tyy%2F4io&srno=s_1_4&otracker=search&fm=organic&iid=5b1cbd4d-859e-4a61-ac2a-2b5a7c62949e.MOBHN973FFYHGUGG.SEARCH&ppt=None&ppn=None&ssid=gdbdtp4rpc0000001784441529453&qH=a5594894156db043&ov_redirect=true,2026-07-19
5,"Ai+ Nova 2 Ultra 5G (with TWS) (Black, 128 GB)",Ai+,18999,25999,26% off,4.1,"1,505",159,6 GB RAM,128 GB ROM,6000 mAh Li-polymer Battery,Dimensity 7400 Processor,17.22 cm (6.78 inch) Full HD+ AMOLED Display,50MP + 8MP | 13MP Front Camera,,https://www.flipkart.com/ai-nova-2-ultra-5g-with-tws-black-128-gb/p/itmdb20f1487f4d4?pid=MOBHHUFDFHBPJJEG&lid=LSTMOBHHUFDFHBPJJEGLLWRKD&marketplace=FLIPKART&q=smart+phones&store=tyy%2F4io&srno=s_1_5&otracker=search&fm=organic&iid=5b1cbd4d-859e-4a61-ac2a-2b5a7c62949e.MOBHHUFDFHBPJJEG.SEARCH&ppt=None&ppn=None&ssid=gdbdtp4rpc0000001784441529453&qH=a5594894156db043&ov_redirect=true,2026-07-19
6,"Ai+ Pulse 2 (Blue, 64 GB)",Ai+,9999,10999,9% off,4.3,"5,935",275,4 GB RAM,64 GB ROM,6000 mAh Battery,T7250 Processor,17.13 cm (6.745 inch) HD+ Display,50MP Rear Camera | 8MP Front Camera,,https://www.flipkart.com/ai-pulse-2-blue-64-gb/p/itm9168504534079?pid=MOBHKHPYZFF8KUPC&lid=LSTMOBHKHPYZFF8KUPCODDALK&marketplace=FLIPKART&q=smart+phones&store=tyy%2F4io&srno=s_1_6&otracker=search&fm=organic&iid=5b1cbd4d-859e-4a61-ac2a-2b5a7c62949e.MOBHKHPYZFF8KUPC.SEARCH&ppt=None&ppn=None&ssid=gdbdtp4rpc0000001784441529453&qH=a5594894156db043&ov_redirect=true,2026-07-19
7,"POCO M8 (Frost Silver, 128 GB)",POCO,20999,25999,19% off,4.3,"2,588",220,6 GB RAM,128 GB ROM,5520 mAh Battery,,17.2 cm (6.77 inch) Full HD+ Display,50MP Rear Camera | 20MP Front Camera,,https://www.flipkart.com/poco-m8-frost-silver-128-gb/p/itm42b9da2073832?pid=MOBHMGG5HBC8MRBG&lid=LSTMOBHMGG5HBC8MRBGMCO2Y6&marketplace=FLIPKART&q=smart+phones&store=tyy%2F4io&srno=s_1_7&otracker=search&fm=organic&iid=5b1cbd4d-859e-4a61-ac2a-2b5a7c62949e.MOBHMGG5HBC8MRBG.SEARCH&ppt=None&ppn=None&ssid=gdbdtp4rpc0000001784441529453&qH=a5594894156db043&ov_redirect=true,2026-07-19
8,"MOTOROLA g37 power (PANTONE Capri, 64 GB)",MOTOROLA,15999,26499,39% off,4.2,"1,659",211,4 GB RAM,64 GB ROM,7000 mAh Battery,Dimensity 6400 Processor,16.92 cm (6.66 inch) HD+ Display,50MP Rear Camera | 8MP Front Camera,,https://www.flipkart.com/motorola-g37-power-pantone-capri-64-gb/p/itmde5e2403ff964?pid=MOBHMHG65H7QGMHS&lid=LSTMOBHMHG65H7QGMHS4CXIMU&marketplace=FLIPKART&q=smart+phones&store=tyy%2F4io&srno=s_1_8&otracker=search&fm=organic&iid=5b1cbd4d-859e-4a61-ac2a-2b5a7c62949e.MOBHMHG65H7QGMHS.SEARCH&ppt=None&ppn=None&ssid=gdbdtp4rpc0000001784441529453&qH=a5594894156db043&ov_redirect=true,2026-07-19
9,"Ai+ Pulse 2 (Green, 64 GB)",Ai+,9999,10999,9% off,4.3,"5,935",275,4 GB RAM,64 GB ROM,6000 mAh Battery,T7250 Processor,17.13 cm (6.745 inch) HD+ Display,50MP Rear Camera | 8MP Front Camera,,https://www.flipkart.com/ai-pulse-2-green-64-gb/p/itm8475838cc2064?pid=MOBHKHPYZHDPMZSR&lid=LSTMOBHKHPYZHDPMZSRLBINVS&marketplace=FLIPKART&q=smart+phones&store=tyy%2F4io&srno=s_1_9&otracker=search&fm=organic&iid=5b1cbd4d-859e-4a61-ac2a-2b5a7c62949e.MOBHKHPYZHDPMZSR.SEARCH&ppt=None&ppn=None&ssid=gdbdtp4rpc0000001784441529453&qH=a5594894156db043&ov_redirect=true,2026-07-19
10,"MOTOROLA g37 power (PANTONE Nautical Blue, 64 GB)",MOTOROLA,15999,26499,39% off,4.2,"1,659",211,4 GB RAM,64 GB ROM,7000 mAh Battery,Dimensity 6400 Processor,16.92 cm (6.66 inch) HD+ Display,50MP Rear Camera | 8MP Front Camera,,https://www.flipkart.com/motorola-g37-power-pantone-nautical-blue-64-gb/p/itmd870c5c6fd857?pid=MOBHMHG6KZXMFNKF&lid=LSTMOBHMHG6KZXMFNKFGQD9G0&marketplace=FLIPKART&q=smart+phones&store=tyy%2F4io&srno=s_1_10&otracker=search&fm=organic&iid=5b1cbd4d-859e-4a61-ac2a-2b5a7c62949e.MOBHMHG6KZXMFNKF.SEARCH&ppt=None&ppn=None&ssid=gdbdtp4rpc0000001784441529453&qH=a5594894156db043&ov_redirect=true,2026-07-19
11,"Ai+ Pulse 2 (Purple, 128 GB)",Ai+,11999,,,3.8,"5,989",463,6 GB RAM,128 GB ROM,6000 mAh Battery,T7250 Processor,17.13 cm (6.745 inch) HD+ Display,50MP Rear Camera | 8MP Front Camera,,https://www.flipkart.com/ai-pulse-2-purple-128-gb/p/itme2f16e3250c0c?pid=MOBHKHPYU6PB9BJR&lid=LSTMOBHKHPYU6PB9BJRTZH163&marketplace=FLIPKART&q=smart+phones&store=tyy%2F4io&srno=s_1_11&otracker=search&fm=organic&iid=5b1cbd4d-859e-4a61-ac2a-2b5a7c62949e.MOBHKHPYU6PB9BJR.SEARCH&ppt=None&ppn=None&ssid=gdbdtp4rpc0000001784441529453&qH=a5594894156db043&ov_redirect=true,2026-07-19
12,"realme P4 Lite 5G (Mosaic Green, 64 GB)",realme,15499,28999,46% off,4.3,"9,771",504,4 GB RAM,64 GB ROM,7000 mAh lithium-ion polymer Battery,Dimensity 6300 Processor,17.27 cm (6.8 inches) HD+ Display,13MP Rear Camera | 5MP Front Camera,,https://www.flipkart.com/realme-p4-lite-5g-mosaic-green-64-gb/p/itm90c243961f214?pid=MOBHN7A8SZ7F9C7T&lid=LSTMOBHN7A8SZ7F9C7TYM0TGX&marketplace=FLIPKART&q=smart+phones&store=tyy%2F4io&spotlightTagId=default_BestsellerId_tyy%2F4io&srno=s_1_12&otracker=search&fm=organic&iid=5b1cbd4d-859e-4a61-ac2a-2b5a7c62949e.MOBHN7A8SZ7F9C7T.SEARCH&ppt=None&ppn=None&ssid=gdbdtp4rpc0000001784441529453&qH=a5594894156db043&ov_redirect=true,2026-07-19
13,"MOTOROLA g37 power (PANTONE Impenetrable, 64 GB)",MOTOROLA,15999,26499,39% off,4.2,"1,659",211,4 GB RAM,64 GB ROM,7000 mAh Battery,Dimensity 6400 Processor,16.92 cm (6.66 inch) HD+ Display,50MP Rear Camera | 8MP Front Camera,,https://www.flipkart.com/motorola-g37-power-pantone-impenetrable-64-gb/p/itm81d7e4cd8df99?pid=MOBHMHG6CCNS5UWR&lid=LSTMOBHMHG6CCNS5UWRI3ZOW4&marketplace=FLIPKART&q=smart+phones&store=tyy%2F4io&srno=s_1_13&otracker=search&fm=organic&iid=5b1cbd4d-859e-4a61-ac2a-2b5a7c62949e.MOBHMHG6CCNS5UWR.SEARCH&ppt=None&ppn=None&ssid=gdbdtp4rpc0000001784441529453&qH=a5594894156db043&ov_redirect=true,2026-07-19
14,"MOTOROLA g57 power 5G Snapdragon (Pantone Regatta, 128 GB)",MOTOROLA,21999,,,4.4,"50,947","3,001",8 GB RAM,128 GB ROM,7000 mAh Battery,6s Gen 4 Processor,17.07 cm (6.72 inch) Full HD+ Display,50MP + 8MP | 8MP Front Camera,,https://www.flipkart.com/motorola-g57-power-5g-snapdragon-pantone-regatta-128-gb/p/itmdab5f9f1bf87b?pid=MOBHN974PMZMQ5HS&lid=LSTMOBHN974PMZMQ5HSK6FWL6&marketplace=FLIPKART&q=smart+phones&store=tyy%2F4io&srno=s_1_14&otracker=search&fm=organic&iid=5b1cbd4d-859e-4a61-ac2a-2b5a7c62949e.MOBHN974PMZMQ5HS.SEARCH&ppt=None&ppn=None&ssid=gdbdtp4rpc0000001784441529453&qH=a5594894156db043&ov_redirect=true,2026-07-19
15,"Samsung Galaxy F06 5G (Lit Violet, 128 GB)",Samsung,13999,16999,17% off,4.2,"47,451","2,993",4 GB RAM,128 GB ROM,5000 mAh Battery,Dimensity 6300 Processor,17.02 cm (6.7 inch) HD+ Display,50MP + 2MP | 8MP Front Camera,,https://www.flipkart.com/samsung-galaxy-f06-5g-lit-violet-128-gb/p/itm7602d48021fe1?pid=MOBHMGHHNYS7WF88&lid=LSTMOBHMGHHNYS7WF88Q60Z1G&marketplace=FLIPKART&q=smart+phones&store=tyy%2F4io&srno=s_1_15&otracker=search&fm=organic&iid=5b1cbd4d-859e-4a61-ac2a-2b5a7c62949e.MOBHMGHHNYS7WF88.SEARCH&ppt=None&ppn=None&ssid=gdbdtp4rpc0000001784441529453&qH=a5594894156db043&ov_redirect=true,2026-07-19
16,"POCO C81x (Ice Blue, 64 GB)",POCO,11499,18999,39% off,4.1,322,17,3 GB RAM,64 GB ROM,5200 mAh Lithium-Ion Polymer Battery,T7250 Processor,17.48 cm (6.88 inch) Display,13MP Rear Camera | 8MP Front Camera,,https://www.flipkart.com/poco-c81x-ice-blue-64-gb/p/itmf2e3aacd5257e?pid=MOBHMYWRWPE4S8G6&lid=LSTMOBHMYWRWPE4S8G6INAADH&marketplace=FLIPKART&q=smart+phones&store=tyy%2F4io&srno=s_1_16&otracker=search&fm=organic&iid=5b1cbd4d-859e-4a61-ac2a-2b5a7c62949e.MOBHMYWRWPE4S8G6.SEARCH&ppt=None&ppn=None&ssid=gdbdtp4rpc0000001784441529453&qH=a5594894156db043&ov_redirect=true,2026-07-19
17,"Samsung M06 5G (Blazing Black, 128 GB)",Samsung,13999,16999,17% off,4.1,"4,235",234,4 GB RAM,128 GB ROM,5000 mAh Battery,,17.02 cm (6.7 inch) Display,50MP Rear Camera,,https://www.flipkart.com/samsung-m06-5g-blazing-black-128-gb/p/itmcafa42dadc15c?pid=MOBH9UYF4GZXGWW6&lid=LSTMOBH9UYF4GZXGWW6NNZFU2&marketplace=FLIPKART&q=smart+phones&store=tyy%2F4io&srno=s_1_17&otracker=search&fm=organic&iid=5b1cbd4d-859e-4a61-ac2a-2b5a7c62949e.MOBH9UYF4GZXGWW6.SEARCH&ppt=None&ppn=None&ssid=gdbdtp4rpc0000001784441529453&qH=a5594894156db043&ov_redirect=true,2026-07-19
18,"POCO C85x (Elite Black, 64 GB)",POCO,13499,20999,35% off,4.1,"3,528",167,4 GB RAM,64 GB ROM,6300 mAh Lithium-Ion Polymer Battery,T8300 Processor,17.53 cm (6.9 inch) HD+ Display,32MP Rear Camera,,https://www.flipkart.com/poco-c85x-elite-black-64-gb/p/itm0f0a9684d1e33?pid=MOBHMGG5SMZEFPTQ&lid=LSTMOBHMGG5SMZEFPTQ31I99O&marketplace=FLIPKART&q=smart+phones&store=tyy%2F4io&spotlightTagId=default_BestsellerId_tyy%2F4io&srno=s_1_18&otracker=search&fm=organic&iid=5b1cbd4d-859e-4a61-ac2a-2b5a7c62949e.MOBHMGG5SMZEFPTQ.SEARCH&ppt=None&ppn=None&ssid=gdbdtp4rpc0000001784441529453&qH=a5594894156db043&ov_redirect=true,2026-07-19
19,"MOTOROLA Edge 60 Fusion 5G (PANTONE Zephyr, 256 GB)",MOTOROLA,27999,37999,26% off,4.4,"47,137","2,763",12 GB RAM,256 GB ROM,5500 mAh Battery,Dimensity 7400 Processor,16.94 cm (6.67 inch) Display,50MP + 13MP | 32MP Front Camera,,https://www.flipkart.com/motorola-edge-60-fusion-5g-pantone-zephyr-256-gb/p/itm64e3872f24188?pid=MOBHN974GP9AXZEC&lid=LSTMOBHN974GP9AXZEC6NHT6R&marketplace=FLIPKART&q=smart+phones&store=tyy%2F4io&srno=s_1_19&otracker=search&fm=organic&iid=5b1cbd4d-859e-4a61-ac2a-2b5a7c62949e.MOBHN974GP9AXZEC.SEARCH&ppt=None&ppn=None&ssid=gdbdtp4rpc0000001784441529453&qH=a5594894156db043&ov_redirect=true,2026-07-19
20,"POCO C85x (Sunset Gold, 64 GB)",POCO,13499,20999,35% off,4.1,"3,528",167,4 GB RAM,64 GB ROM,6300 mAh Lithium-Ion Polymer Battery,T8300 Processor,17.53 cm (6.9 inch) HD+ Display,32MP Rear Camera,,https://www.flipkart.com/poco-c85x-sunset-gold-64-gb/p/itm6b8cdd362c306?pid=MOBHMGG5PYZRFMKU&lid=LSTMOBHMGG5PYZRFMKUWRLUZB&marketplace=FLIPKART&q=smart+phones&store=tyy%2F4io&srno=s_1_20&otracker=search&fm=organic&iid=5b1cbd4d-859e-4a61-ac2a-2b5a7c62949e.MOBHMGG5PYZRFMKU.SEARCH&ppt=None&ppn=None&ssid=gdbdtp4rpc0000001784441529453&qH=a5594894156db043&ov_redirect=true,2026-07-19
21,"MOTOROLA Edge 70 Fusion (Pantone SILHOUETTE, 128 GB)",MOTOROLA,29999,42999,30% off,4.4,"13,379","1,269",8 GB RAM,128 GB ROM,7000 mAh Battery,Snapdragon 7s Gen 4 Processor,17.27 cm (6.8 inch) Super HD Display,50MP + 13MP | 32MP Front Camera,,https://www.flipkart.com/motorola-edge-70-fusion-pantone-silhouette-128-gb/p/itmea2471033901a?pid=MOBHJ7TXN7CGKUYZ&lid=LSTMOBHJ7TXN7CGKUYZGAEDHA&marketplace=FLIPKART&q=smart+phones&store=tyy%2F4io&srno=s_1_21&otracker=search&fm=organic&iid=5b1cbd4d-859e-4a61-ac2a-2b5a7c62949e.MOBHJ7TXN7CGKUYZ.SEARCH&ppt=None&ppn=None&ssid=gdbdtp4rpc0000001784441529453&qH=a5594894156db043&ov_redirect=true,2026-07-19
22,"MOTOROLA g37 power (PANTONE Impenetrable, 128 GB)",MOTOROLA,16999,30499,44% off,4.2,"1,659",211,4 GB RAM,128 GB ROM,7000 mAh Battery,Dimensity 6400 Processor,16.92 cm (6.66 inch) HD+ Display,50MP Rear Camera | 8MP Front Camera,,https://www.flipkart.com/motorola-g37-power-pantone-impenetrable-128-gb/p/itm566f6ada1190f?pid=MOBHHVFYC3QU3CAQ&lid=LSTMOBHHVFYC3QU3CAQGXXTZS&marketplace=FLIPKART&q=smart+phones&store=tyy%2F4io&srno=s_1_22&otracker=search&fm=organic&iid=5b1cbd4d-859e-4a61-ac2a-2b5a7c62949e.MOBHHVFYC3QU3CAQ.SEARCH&ppt=None&ppn=None&ssid=gdbdtp4rpc0000001784441529453&qH=a5594894156db043&ov_redirect=true,2026-07-19
23,"Samsung Galaxy F06 5G (Bahama Blue, 128 GB)",Samsung,15999,18999,15% off,4.2,"25,373","1,709",6 GB RAM,128 GB ROM,5000 mAh Battery,Dimensity 6300 Processor,17.02 cm (6.7 inch) HD+ Display,50MP + 2MP | 8MP Front Camera,,https://www.flipkart.com/samsung-galaxy-f06-5g-bahama-blue-128-gb/p/itmc1c2297bdfa31?pid=MOBHMGHHMFGB82H9&lid=LSTMOBHMGHHMFGB82H9KLU2MA&marketplace=FLIPKART&q=smart+phones&store=tyy%2F4io&srno=s_1_23&otracker=search&fm=organic&iid=5b1cbd4d-859e-4a61-ac2a-2b5a7c62949e.MOBHMGHHMFGB82H9.SEARCH&ppt=None&ppn=None&ssid=gdbdtp4rpc0000001784441529453&qH=a5594894156db043&ov_redirect=true,2026-07-19
24,"realme P4 Lite 5G (Mosaic Blue, 64 GB)",realme,15499,28999,46% off,4.3,"9,771",504,4 GB RAM,64 GB ROM,7000 mAh lithium-ion polymer Battery,Dimensity 6300 Processor,17.27 cm (6.8 inches) HD+ Display,13MP Rear Camera | 5MP Front Camera,,https://www.flipkart.com/realme-p4-lite-5g-mosaic-blue-64-gb/p/itm90c243961f214?pid=MOBHN7A8CMJGRACT&lid=LSTMOBHN7A8CMJGRACTDRIOJU&marketplace=FLIPKART&q=smart+phones&store=tyy%2F4io&spotlightTagId=default_BestsellerId_tyy%2F4io&srno=s_1_24&otracker=search&fm=organic&iid=5b1cbd4d-859e-4a61-ac2a-2b5a7c62949e.MOBHN7A8CMJGRACT.SEARCH&ppt=None&ppn=None&ssid=gdbdtp4rpc0000001784441529453&qH=a5594894156db043&ov_redirect=true,2026-07-19
25,"OPPO K14x 5G (Icy Blue, 128 GB)",OPPO,19999,,,4.4,"2,685",127,6 GB RAM,128 GB ROM,6500 mAh Battery,Dimensity 6300 Processor,17.14 cm (6.75 inch) HD+ Display,,,https://www.flipkart.com/oppo-k14x-5g-icy-blue-128-gb/p/itm188c7a4b69292?pid=MOBHJQQ4YUEFFDF8&lid=LSTMOBHJQQ4YUEFFDF8GGGMME&marketplace=FLIPKART&q=smart+phones&store=tyy%2F4io&srno=s_2_25&otracker=search&fm=organic&iid=42d764f6-c9f3-4b65-8c35-b6521bb3d0ea.MOBHJQQ4YUEFFDF8.SEARCH&ppt=None&ppn=None&ssid=z4fom7v2q80000001784441532788&qH=a5594894156db043&ov_redirect=true,2026-07-19
26,"Samsung M06 5G (Sage Green, 128 GB)",Samsung,13927,15499,10% off,4.1,"4,235",234,4 GB RAM,128 GB ROM,5000 mAh Battery,,17.02 cm (6.7 inch) Display,50MP Rear Camera,,https://www.flipkart.com/samsung-m06-5g-sage-green-128-gb/p/itmcafa42dadc15c?pid=MOBH9UYFYVNKR3HR&lid=LSTMOBH9UYFYVNKR3HRCIQGGL&marketplace=FLIPKART&q=smart+phones&store=tyy%2F4io&srno=s_2_26&otracker=search&fm=organic&iid=42d764f6-c9f3-4b65-8c35-b6521bb3d0ea.MOBH9UYFYVNKR3HR.SEARCH&ppt=None&ppn=None&ssid=z4fom7v2q80000001784441532788&qH=a5594894156db043&ov_redirect=true,2026-07-19
27,"MOTOROLA g37 (PANTONE Impenetrable, 64 GB)",MOTOROLA,14999,24999,40% off,4.4,"1,601",82,4 GB RAM,64 GB ROM,5200 mAh Battery,Dimensity 6400 Processor,16.92 cm (6.66 inch) HD+ Display,50MP Rear Camera | 8MP Front Camera,,https://www.flipkart.com/motorola-g37-pantone-impenetrable-64-gb/p/itm40c0c7bcb21fc?pid=MOBHHWB6GWE2CKHU&lid=LSTMOBHHWB6GWE2CKHUQEA6X8&marketplace=FLIPKART&q=smart+phones&store=tyy%2F4io&srno=s_2_27&otracker=search&fm=organic&iid=42d764f6-c9f3-4b65-8c35-b6521bb3d0ea.MOBHHWB6GWE2CKHU.SEARCH&ppt=None&ppn=None&ssid=z4fom7v2q80000001784441532788&qH=a5594894156db043&ov_redirect=true,2026-07-19
28,"realme P4R 5G (Silver Glare, 128 GB)",realme,34999,,,4.3,"1,011",72,4 GB RAM,128 GB ROM,8000 mAh Lithium-ion polymer Battery,Dimensity 6300 Processor,17.27 cm (6.8 inch) HD+ Display,50MP Rear Camera | 8MP Front Camera,,https://www.flipkart.com/realme-p4r-5g-silver-glare-128-gb/p/itmb42ae388c1ef6?pid=MOBHMYR3EJZ8J2ES&lid=LSTMOBHMYR3EJZ8J2ESNKDP7V&marketplace=FLIPKART&q=smart+phones&store=tyy%2F4io&srno=s_2_28&otracker=search&fm=organic&iid=42d764f6-c9f3-4b65-8c35-b6521bb3d0ea.MOBHMYR3EJZ8J2ES.SEARCH&ppt=None&ppn=None&ssid=z4fom7v2q80000001784441532788&qH=a5594894156db043&ov_redirect=true,2026-07-19
29,"realme P4x 5G (Lake Green, 128 GB)",realme,20999,21999,4% off,4.3,"13,303",954,6 GB RAM,128 GB ROM,7000 mAh Battery,Dimensity 7400 Ultra Processor,17.07 cm (6.72 inch) Full HD+ Display,50MP + 2MP | 8MP Front Camera,,https://www.flipkart.com/realme-p4x-5g-lake-green-128-gb/p/itm575b1540859e4?pid=MOBHHWGMECHS3DZJ&lid=LSTMOBHHWGMECHS3DZJTSXQAV&marketplace=FLIPKART&q=smart+phones&store=tyy%2F4io&srno=s_2_29&otracker=search&fm=organic&iid=42d764f6-c9f3-4b65-8c35-b6521bb3d0ea.MOBHHWGMECHS3DZJ.SEARCH&ppt=None&ppn=None&ssid=z4fom7v2q80000001784441532788&qH=a5594894156db043&ov_redirect=true,2026-07-19
30,"realme P4R 5G (Lavender Glare, 128 GB)",realme,20999,39999,47% off,4.4,"2,110",139,6 GB RAM,128 GB ROM,8000 mAh Lithium-ion polymer Battery,Dimensity 6300 Processor,17.27 cm (6.8 inch) HD+ Display,50MP Rear Camera | 8MP Front Camera,,https://www.flipkart.com/realme-p4r-5g-lavender-glare-128-gb/p/itmb42ae388c1ef6?pid=MOBHMYR3NPFHTFHE&lid=LSTMOBHMYR3NPFHTFHEQL7J8Y&marketplace=FLIPKART&q=smart+phones&store=tyy%2F4io&srno=s_2_30&otracker=search&fm=organic&iid=42d764f6-c9f3-4b65-8c35-b6521bb3d0ea.MOBHMYR3NPFHTFHE.SEARCH&ppt=None&ppn=None&ssid=z4fom7v2q80000001784441532788&qH=a5594894156db043&ov_redirect=true,2026-07-19
31,"MOTOROLA g37 power (PANTONE Nautical Blue, 128 GB)",MOTOROLA,16999,30499,44% off,4.2,"1,659",211,4 GB RAM,128 GB ROM,7000 mAh Battery,Dimensity 6400 Processor,16.92 cm (6.66 inch) HD+ Display,50MP Rear Camera | 8MP Front Camera,,https://www.flipkart.com/motorola-g37-power-pantone-nautical-blue-128-gb/p/itmf752f4981d932?pid=MOBHHVFYGN57RYAH&lid=LSTMOBHHVFYGN57RYAH8U08EM&marketplace=FLIPKART&q=smart+phones&store=tyy%2F4io&srno=s_2_31&otracker=search&fm=organic&iid=42d764f6-c9f3-4b65-8c35-b6521bb3d0ea.MOBHHVFYGN57RYAH.SEARCH&ppt=None&ppn=None&ssid=z4fom7v2q80000001784441532788&qH=a5594894156db043&ov_redirect=true,2026-07-19
32,"REDMI 15 5G (Frosted White, 256 GB)",REDMI,24614,26999,8% off,4.3,"4,643",230,8 GB RAM,256 GB ROM,7000 mAh Battery,,17.53 cm (6.9 inch) Display,50MP Rear Camera,,https://www.flipkart.com/redmi-15-5g-frosted-white-256-gb/p/itmd7bced8727891?pid=MOBHFH94XMPDASMJ&lid=LSTMOBHFH94XMPDASMJACPDSP&marketplace=FLIPKART&q=smart+phones&store=tyy%2F4io&srno=s_2_32&otracker=search&fm=organic&iid=42d764f6-c9f3-4b65-8c35-b6521bb3d0ea.MOBHFH94XMPDASMJ.SEARCH&ppt=None&ppn=None&ssid=z4fom7v2q80000001784441532788&qH=a5594894156db043&ov_redirect=true,2026-07-19
33,"Ai+ Nova 2 Ultra 5G (with TWS) (Blue, 128 GB)",Ai+,18999,25999,26% off,4.1,"1,505",159,6 GB RAM,128 GB ROM,6000 mAh Li-polymer Battery,Dimensity 7400 Processor,17.22 cm (6.78 inch) Full HD+ AMOLED Display,50MP + 8MP | 13MP Front Camera,,https://www.flipkart.com/ai-nova-2-ultra-5g-with-tws-blue-128-gb/p/itm0a1966c3efc4a?pid=MOBHHUFDZDFRRUKJ&lid=LSTMOBHHUFDZDFRRUKJ48CRG3&marketplace=FLIPKART&q=smart+phones&store=tyy%2F4io&srno=s_2_33&otracker=search&fm=organic&iid=42d764f6-c9f3-4b65-8c35-b6521bb3d0ea.MOBHHUFDZDFRRUKJ.SEARCH&ppt=None&ppn=None&ssid=z4fom7v2q80000001784441532788&qH=a5594894156db043&ov_redirect=true,2026-07-19
34,"realme P4x 5G (Matte Silver, 128 GB)",realme,20999,21999,4% off,4.3,"13,303",954,6 GB RAM,128 GB ROM,7000 mAh Battery,Dimensity 7400 Ultra Processor,17.07 cm (6.72 inch) Full HD+ Display,50MP + 2MP | 8MP Front Camera,,https://www.flipkart.com/realme-p4x-5g-matte-silver-128-gb/p/itm575b1540859e4?pid=MOBHHWGMCXRADYYG&lid=LSTMOBHHWGMCXRADYYGSBYBFT&marketplace=FLIPKART&q=smart+phones&store=tyy%2F4io&srno=s_2_34&otracker=search&fm=organic&iid=42d764f6-c9f3-4b65-8c35-b6521bb3d0ea.MOBHHWGMCXRADYYG.SEARCH&ppt=None&ppn=None&ssid=z4fom7v2q80000001784441532788&qH=a5594894156db043&ov_redirect=true,2026-07-19
35,"realme P4 Lite (Beach Gold, 64 GB)",realme,12999,24999,48% off,4,"4,114",219,4 GB RAM,64 GB ROM,6300 mAh Battery,T7250 Processor,17.14 cm (6.75 inch) HD+ Display,13MP Rear Camera | 5MP Front Camera,,https://www.flipkart.com/realme-p4-lite-beach-gold-64-gb/p/itm029fbc88fdc91?pid=MOBHMX7KF4XYHTDM&lid=LSTMOBHMX7KF4XYHTDMBW6TWC&marketplace=FLIPKART&q=smart+phones&store=tyy%2F4io&srno=s_2_35&otracker=search&fm=organic&iid=42d764f6-c9f3-4b65-8c35-b6521bb3d0ea.MOBHMX7KF4XYHTDM.SEARCH&ppt=None&ppn=None&ssid=z4fom7v2q80000001784441532788&qH=a5594894156db043&ov_redirect=true,2026-07-19
36,"MOTOROLA Edge 60 Pro (Pantone Shadow, 256 GB)",MOTOROLA,29999,36999,18% off,4.3,"55,137","4,153",8 GB RAM,256 GB ROM,6000 mAh Battery,Dimensity 8350 Processor,17.02 cm (6.7 inch) Display,50MP + 50MP + 10MP | 50MP Front Camera,,https://www.flipkart.com/motorola-edge-60-pro-pantone-shadow-256-gb/p/itm3823c3f8f3cc9?pid=MOBH9C9JEHCZYHF2&lid=LSTMOBH9C9JEHCZYHF2YESB5E&marketplace=FLIPKART&q=smart+phones&store=tyy%2F4io&srno=s_2_36&otracker=search&fm=organic&iid=42d764f6-c9f3-4b65-8c35-b6521bb3d0ea.MOBH9C9JEHCZYHF2.SEARCH&ppt=None&ppn=None&ssid=z4fom7v2q80000001784441532788&qH=a5594894156db043&ov_redirect=true,2026-07-19
37,"realme P4R 5G (Titanium Glare, 128 GB)",realme,39999,,,4.4,"2,110",139,6 GB RAM,128 GB ROM,8000 mAh Lithium-ion polymer Battery,Dimensity 6300 Processor,17.27 cm (6.8 inch) HD+ Display,50MP Rear Camera | 8MP Front Camera,,https://www.flipkart.com/realme-p4r-5g-titanium-glare-128-gb/p/itmb42ae388c1ef6?pid=MOBHMYR3MZ62YN7F&lid=LSTMOBHMYR3MZ62YN7F7ANT2F&marketplace=FLIPKART&q=smart+phones&store=tyy%2F4io&srno=s_2_37&otracker=search&fm=organic&iid=42d764f6-c9f3-4b65-8c35-b6521bb3d0ea.MOBHMYR3MZ62YN7F.SEARCH&ppt=None&ppn=None&ssid=z4fom7v2q80000001784441532788&qH=a5594894156db043&ov_redirect=true,2026-07-19
38,"MOTOROLA Edge 70 Fusion (Pantone BLUE SURF, 512 GB)",MOTOROLA,37999,64999,41% off,4.3,"2,883",258,12 GB RAM,512 GB ROM,7000 mAh Battery,Snapdragon 7s Gen 4 Processor,17.27 cm (6.8 inch) Super HD Display,50MP + 13MP | 32MP Front Camera,,https://www.flipkart.com/motorola-edge-70-fusion-pantone-blue-surf-512-gb/p/itm87b81fff91d44?pid=MOBHNSA6KGKFVSPF&lid=LSTMOBHNSA6KGKFVSPFPPKGGH&marketplace=FLIPKART&q=smart+phones&store=tyy%2F4io&srno=s_2_38&otracker=search&fm=organic&iid=42d764f6-c9f3-4b65-8c35-b6521bb3d0ea.MOBHNSA6KGKFVSPF.SEARCH&ppt=None&ppn=None&ssid=z4fom7v2q80000001784441532788&qH=a5594894156db043&ov_redirect=true,2026-07-19
39,"OPPO K14x 5G (Icy Blue, 64 GB)",OPPO,15999,19999,20% off,4.3,"5,708",300,4 GB RAM,64 GB ROM,6500 mAh Battery,Dimensity 6300 Processor,17.14 cm (6.75 inch) HD+ Display,,,https://www.flipkart.com/oppo-k14x-5g-icy-blue-64-gb/p/itm188c7a4b69292?pid=MOBHKZF3YEJNPZHZ&lid=LSTMOBHKZF3YEJNPZHZKAKWY1&marketplace=FLIPKART&q=smart+phones&store=tyy%2F4io&srno=s_2_39&otracker=search&fm=organic&iid=42d764f6-c9f3-4b65-8c35-b6521bb3d0ea.MOBHKZF3YEJNPZHZ.SEARCH&ppt=None&ppn=None&ssid=z4fom7v2q80000001784441532788&qH=a5594894156db043&ov_redirect=true,2026-07-19
40,"Ai+ Nova 2 Ultra 5G (with TWS) (Black, 128 GB)",Ai+,20999,26999,22% off,4.1,776,99,8 GB RAM,128 GB ROM,6000 mAh Li-polymer Battery,Dimensity 7400 Processor,17.22 cm (6.78 inch) Full HD+ AMOLED Display,50MP + 8MP | 13MP Front Camera,,https://www.flipkart.com/ai-nova-2-ultra-5g-with-tws-black-128-gb/p/itm627ebf8cdbe24?pid=MOBHHUFDPSYQMHXU&lid=LSTMOBHHUFDPSYQMHXUXDR3OA&marketplace=FLIPKART&q=smart+phones&store=tyy%2F4io&srno=s_2_40&otracker=search&fm=organic&iid=42d764f6-c9f3-4b65-8c35-b6521bb3d0ea.MOBHHUFDPSYQMHXU.SEARCH&ppt=None&ppn=None&ssid=z4fom7v2q80000001784441532788&qH=a5594894156db043&ov_redirect=true,2026-07-19
41,"OPPO K14x 5G (Icy Blue, 128 GB)",OPPO,17999,,,4.3,"5,708",300,4 GB RAM,128 GB ROM,6500 mAh Battery,Dimensity 6300 Processor,17.14 cm (6.75 inch) HD+ Display,,,https://www.flipkart.com/oppo-k14x-5g-icy-blue-128-gb/p/itm188c7a4b69292?pid=MOBHJQQ4JWFJQCGC&lid=LSTMOBHJQQ4JWFJQCGCO9UQAV&marketplace=FLIPKART&q=smart+phones&store=tyy%2F4io&srno=s_2_41&otracker=search&fm=organic&iid=42d764f6-c9f3-4b65-8c35-b6521bb3d0ea.MOBHJQQ4JWFJQCGC.SEARCH&ppt=None&ppn=None&ssid=z4fom7v2q80000001784441532788&qH=a5594894156db043&ov_redirect=true,2026-07-19
42,"OnePlus Nord CE6 Lite (Hyper Black, 128 GB)",OnePlus,32997,33999,2% off,4.3,354,18,8 GB RAM,128 GB ROM,7000 mAh Battery,Mediatek Dimensity 7400 Processor,17.07 cm (6.72 inch) Full HD+ Display,50MP Rear Camera | 8MP Front Camera,,https://www.flipkart.com/oneplus-nord-ce6-lite-hyper-black-128-gb/p/itm894a5599b758b?pid=MOBHN8CA4A6Z3KMZ&lid=LSTMOBHN8CA4A6Z3KMZLOO9M0&marketplace=FLIPKART&q=smart+phones&store=tyy%2F4io&srno=s_2_42&otracker=search&fm=organic&iid=42d764f6-c9f3-4b65-8c35-b6521bb3d0ea.MOBHN8CA4A6Z3KMZ.SEARCH&ppt=None&ppn=None&ssid=z4fom7v2q80000001784441532788&qH=a5594894156db043&ov_redirect=true,2026-07-19
43,"POCO M8 (Glacial Blue, 128 GB)",POCO,20999,25999,19% off,4.3,"2,588",220,6 GB RAM,128 GB ROM,5520 mAh Battery,,17.2 cm (6.77 inch) Full HD+ Display,50MP Rear Camera | 20MP Front Camera,,https://www.flipkart.com/poco-m8-glacial-blue-128-gb/p/itme842f8232f12d?pid=MOBHMGG5XCXH4QYY&lid=LSTMOBHMGG5XCXH4QYY8WJBHR&marketplace=FLIPKART&q=smart+phones&store=tyy%2F4io&srno=s_2_43&otracker=search&fm=organic&iid=42d764f6-c9f3-4b65-8c35-b6521bb3d0ea.MOBHMGG5XCXH4QYY.SEARCH&ppt=None&ppn=None&ssid=z4fom7v2q80000001784441532788&qH=a5594894156db043&ov_redirect=true,2026-07-19
44,"Infinix Hot 60 5G+ (Caramel Glow, 128 GB)",Infinix,17999,,,4.3,"3,021",187,6 GB RAM,128 GB ROM,5200 mAh Battery,Dimensity 7020 Processor,17.02 cm (6.7 inch) HD+ Display,50MP Rear Camera | 8MP Front Camera,,https://www.flipkart.com/infinix-hot-60-5g-caramel-glow-128-gb/p/itm2154889174b3a?pid=MOBHDMJZ5ZHEGK9G&lid=LSTMOBHDMJZ5ZHEGK9GSQSKG0&marketplace=FLIPKART&q=smart+phones&store=tyy%2F4io&srno=s_2_44&otracker=search&fm=organic&iid=42d764f6-c9f3-4b65-8c35-b6521bb3d0ea.MOBHDMJZ5ZHEGK9G.SEARCH&ppt=None&ppn=None&ssid=z4fom7v2q80000001784441532788&qH=a5594894156db043&ov_redirect=true,2026-07-19
45,"MOTOROLA g37 power (PANTONE Capri, 128 GB)",MOTOROLA,21999,37999,42% off,4,419,32,8 GB RAM,128 GB ROM,7000 mAh Battery,Dimensity 6400 Processor,16.92 cm (6.66 inch) HD+ Display,50MP Rear Camera | 8MP Front Camera,,https://www.flipkart.com/motorola-g37-power-pantone-capri-128-gb/p/itm5dc5774d4d5e9?pid=MOBHMX5YXCBREREH&lid=LSTMOBHMX5YXCBREREHUWKEDX&marketplace=FLIPKART&q=smart+phones&store=tyy%2F4io&srno=s_2_45&otracker=search&fm=organic&iid=42d764f6-c9f3-4b65-8c35-b6521bb3d0ea.MOBHMX5YXCBREREH.SEARCH&ppt=None&ppn=None&ssid=z4fom7v2q80000001784441532788&qH=a5594894156db043&ov_redirect=true,2026-07-19
46,"Ai+ Nova 2 Ultra 5G (with TWS) (Green, 128 GB)",Ai+,18999,25999,26% off,4.1,"1,505",159,6 GB RAM,128 GB ROM,6000 mAh Li-polymer Battery,Dimensity 7400 Processor,17.22 cm (6.78 inch) Full HD+ AMOLED Display,50MP + 8MP | 13MP Front Camera,,https://www.flipkart.com/ai-nova-2-ultra-5g-with-tws-green-128-gb/p/itm14ebbd090d800?pid=MOBHHUFDZFG4CKDG&lid=LSTMOBHHUFDZFG4CKDGGCWUDQ&marketplace=FLIPKART&q=smart+phones&store=tyy%2F4io&srno=s_2_46&otracker=search&fm=organic&iid=42d764f6-c9f3-4b65-8c35-b6521bb3d0ea.MOBHHUFDZFG4CKDG.SEARCH&ppt=None&ppn=None&ssid=z4fom7v2q80000001784441532788&qH=a5594894156db043&ov_redirect=true,2026-07-19
47,"MOTOROLA Signature (PANTONE Martini Olive, 512 GB)",MOTOROLA,62499,79999,21% off,4.5,796,121,16 GB RAM,512 GB ROM,5200 mAh Battery,Snapdragon 8 Gen 5 Processor,17.27 cm (6.8 inch) Super HD Display,50MP + 50MP + 50MP | 50MP Front Camera,,https://www.flipkart.com/motorola-signature-pantone-martini-olive-512-gb/p/itm74c2055820110?pid=MOBHGVJY6SUYWYTK&lid=LSTMOBHGVJY6SUYWYTKDFVCYR&marketplace=FLIPKART&q=smart+phones&store=tyy%2F4io&srno=s_2_47&otracker=search&fm=organic&iid=42d764f6-c9f3-4b65-8c35-b6521bb3d0ea.MOBHGVJY6SUYWYTK.SEARCH&ppt=None&ppn=None&ssid=z4fom7v2q80000001784441532788&qH=a5594894156db043&ov_redirect=true,2026-07-19
48,"MOTOROLA g57 power 5G Snapdragon (Pantone Fluidity, 128 GB)",MOTOROLA,21999,,,4.4,"50,947","3,001",8 GB RAM,128 GB ROM,7000 mAh Battery,6s Gen 4 Processor,17.07 cm (6.72 inch) Full HD+ Display,50MP + 8MP | 8MP Front Camera,,https://www.flipkart.com/motorola-g57-power-5g-snapdragon-pantone-fluidity-128-gb/p/itm91f63bac8cd0f?pid=MOBHN974M3HHQ7CT&lid=LSTMOBHN974M3HHQ7CTSKENUK&marketplace=FLIPKART&q=smart+phones&store=tyy%2F4io&srno=s_2_48&otracker=search&fm=organic&iid=42d764f6-c9f3-4b65-8c35-b6521bb3d0ea.MOBHN974M3HHQ7CT.SEARCH&ppt=None&ppn=None&ssid=z4fom7v2q80000001784441532788&qH=a5594894156db043&ov_redirect=true,2026-07-19
49,"vivo T5x 5G (Cyber Green, 128 GB)",vivo,24999,28999,13% off,4.4,"14,708",805,6 GB RAM,128 GB ROM,7200 mAh Li-ion Battery,Dimensity 7400-Turbo Processor,17.17 cm (6.76 inch) Display,50MP + 2MP | 32MP Front Camera,,https://www.flipkart.com/vivo-t5x-5g-cyber-green-128-gb/p/itm7da8aa253e72b?pid=MOBHH69NGFZAYK6M&lid=LSTMOBHH69NGFZAYK6MYQKNQD&marketplace=FLIPKART&q=smart+phones&store=tyy%2F4io&srno=s_3_49&otracker=search&fm=organic&iid=b4a83d3d-354d-4d13-8876-2e28b806a719.MOBHH69NGFZAYK6M.SEARCH&ppt=None&ppn=None&ssid=wwmrwfsnu80000001784441536585&qH=a5594894156db043&ov_redirect=true,2026-07-19
50,"Ai+ Nova 2 Ultra 5G (with TWS) (Purple, 128 GB)",Ai+,20999,26999,22% off,4.1,776,99,8 GB RAM,128 GB ROM,6000 mAh Li-polymer Battery,Dimensity 7400 Processor,17.22 cm (6.78 inch) Full HD+ AMOLED Display,50MP + 8MP | 13MP Front Camera,,https://www.flipkart.com/ai-nova-2-ultra-5g-with-tws-purple-128-gb/p/itmefe8ec884626d?pid=MOBHHUFDYDCGTVEF&lid=LSTMOBHHUFDYDCGTVEF6XKD4O&marketplace=FLIPKART&q=smart+phones&store=tyy%2F4io&srno=s_3_50&otracker=search&fm=organic&iid=b4a83d3d-354d-4d13-8876-2e28b806a719.MOBHHUFDYDCGTVEF.SEARCH&ppt=None&ppn=None&ssid=wwmrwfsnu80000001784441536585&qH=a5594894156db043&ov_redirect=true,2026-07-19
51,"POCO C85 5G (Mystic Purple, 128 GB)",POCO,16999,22999,26% off,4.3,"1,400",71,6 GB RAM,128 GB ROM,6000 mAh Lithium-Ion Polymer Battery,Dimensity 6300 Processor,17.53 cm (6.9 inch) HD+ Display,50MP Rear Camera | 8MP Front Camera,,https://www.flipkart.com/poco-c85-5g-mystic-purple-128-gb/p/itmbab3636ca0451?pid=MOBHMGG5ZM2KRGEG&lid=LSTMOBHMGG5ZM2KRGEG8Q0T7X&marketplace=FLIPKART&q=smart+phones&store=tyy%2F4io&srno=s_3_51&otracker=search&fm=organic&iid=b4a83d3d-354d-4d13-8876-2e28b806a719.MOBHMGG5ZM2KRGEG.SEARCH&ppt=None&ppn=None&ssid=wwmrwfsnu80000001784441536585&qH=a5594894156db043&ov_redirect=true,2026-07-19
52,"realme P4R 5G (Lavender Glare, 256 GB)",realme,22999,44999,48% off,4.4,"2,110",139,6 GB RAM,256 GB ROM,8000 mAh Lithium-ion polymer Battery,Dimensity 6300 Processor,17.27 cm (6.8 inch) HD+ Display,50MP Rear Camera | 8MP Front Camera,,https://www.flipkart.com/realme-p4r-5g-lavender-glare-256-gb/p/itmb42ae388c1ef6?pid=MOBHMYR3M5QYWBGD&lid=LSTMOBHMYR3M5QYWBGD8UMFRW&marketplace=FLIPKART&q=smart+phones&store=tyy%2F4io&srno=s_3_52&otracker=search&fm=organic&iid=b4a83d3d-354d-4d13-8876-2e28b806a719.MOBHMYR3M5QYWBGD.SEARCH&ppt=None&ppn=None&ssid=wwmrwfsnu80000001784441536585&qH=a5594894156db043&ov_redirect=true,2026-07-19
53,"Ai+ Pulse 2 (Pink, 64 GB)",Ai+,9999,10999,9% off,4.3,"5,935",275,4 GB RAM,64 GB ROM,6000 mAh Battery,T7250 Processor,17.13 cm (6.745 inch) HD+ Display,50MP Rear Camera | 8MP Front Camera,,https://www.flipkart.com/ai-pulse-2-pink-64-gb/p/itmb3d9ab3459289?pid=MOBHKHPYGPUYAFQH&lid=LSTMOBHKHPYGPUYAFQHBVI3RO&marketplace=FLIPKART&q=smart+phones&store=tyy%2F4io&srno=s_3_53&otracker=search&fm=organic&iid=b4a83d3d-354d-4d13-8876-2e28b806a719.MOBHKHPYGPUYAFQH.SEARCH&ppt=None&ppn=None&ssid=wwmrwfsnu80000001784441536585&qH=a5594894156db043&ov_redirect=true,2026-07-19
54,"MOTOROLA g37 power (PANTONE Nautical Blue, 128 GB)",MOTOROLA,21999,37999,42% off,4,419,32,8 GB RAM,128 GB ROM,7000 mAh Battery,Dimensity 6400 Processor,16.92 cm (6.66 inch) HD+ Display,50MP Rear Camera | 8MP Front Camera,,https://www.flipkart.com/motorola-g37-power-pantone-nautical-blue-128-gb/p/itm48ade38c32669?pid=MOBHMX5YNNYGMVWH&lid=LSTMOBHMX5YNNYGMVWHYBPQ6L&marketplace=FLIPKART&q=smart+phones&store=tyy%2F4io&srno=s_3_54&otracker=search&fm=organic&iid=b4a83d3d-354d-4d13-8876-2e28b806a719.MOBHMX5YNNYGMVWH.SEARCH&ppt=None&ppn=None&ssid=wwmrwfsnu80000001784441536585&qH=a5594894156db043&ov_redirect=true,2026-07-19
55,"POCO M8 (Carbon Black, 128 GB)",POCO,20999,25999,19% off,4.3,"2,588",220,6 GB RAM,128 GB ROM,5520 mAh Battery,,17.2 cm (6.77 inch) Full HD+ Display,50MP Rear Camera | 20MP Front Camera,,https://www.flipkart.com/poco-m8-carbon-black-128-gb/p/itmfb341f67be0ed?pid=MOBHMGG55BR5SZCG&lid=LSTMOBHMGG55BR5SZCG3RRG5U&marketplace=FLIPKART&q=smart+phones&store=tyy%2F4io&srno=s_3_55&otracker=search&fm=organic&iid=b4a83d3d-354d-4d13-8876-2e28b806a719.MOBHMGG55BR5SZCG.SEARCH&ppt=None&ppn=None&ssid=wwmrwfsnu80000001784441536585&qH=a5594894156db043&ov_redirect=true,2026-07-19
56,"MOTOROLA g37 (PANTONE Capri, 64 GB)",MOTOROLA,14999,24999,40% off,4.4,"1,601",82,4 GB RAM,64 GB ROM,5200 mAh Battery,Dimensity 6400 Processor,16.92 cm (6.66 inch) HD+ Display,50MP Rear Camera | 8MP Front Camera,,https://www.flipkart.com/motorola-g37-pantone-capri-64-gb/p/itm54f0e687c7b29?pid=MOBHHWB6U3Q3RYFD&lid=LSTMOBHHWB6U3Q3RYFDYGJVNO&marketplace=FLIPKART&q=smart+phones&store=tyy%2F4io&srno=s_3_56&otracker=search&fm=organic&iid=b4a83d3d-354d-4d13-8876-2e28b806a719.MOBHHWB6U3Q3RYFD.SEARCH&ppt=None&ppn=None&ssid=wwmrwfsnu80000001784441536585&qH=a5594894156db043&ov_redirect=true,2026-07-19
57,"Ai+ Nova 2 5G (Pink, 128 GB)",Ai+,14999,,,4.2,"3,689",190,6 GB RAM,128 GB ROM,6000 mAh Battery,T8200 Processor,17.13 cm (6.745 inch) HD+ Display,50MP Rear Camera | 8MP Front Camera,,https://www.flipkart.com/ai-nova-2-5g-pink-128-gb/p/itmbd28a3a7358d7?pid=MOBHKHPYZR8MAGHF&lid=LSTMOBHKHPYZR8MAGHFWJXJNF&marketplace=FLIPKART&q=smart+phones&store=tyy%2F4io&srno=s_3_57&otracker=search&fm=organic&iid=b4a83d3d-354d-4d13-8876-2e28b806a719.MOBHKHPYZR8MAGHF.SEARCH&ppt=None&ppn=None&ssid=wwmrwfsnu80000001784441536585&qH=a5594894156db043&ov_redirect=true,2026-07-19
58,"POCO X8 Pro (Green, 256 GB)",POCO,36999,43999,15% off,4.3,"2,678",441,8 GB RAM,256 GB ROM,6500 mAh Lithium-Ion Polymer With Silicon Carbon Technology Battery,Dimensity 8500-Ultra Processor,16.74 cm (6.59 inch) Full HD+ AMOLED Display,50MP + 8MP | 20MP Front Camera,,https://www.flipkart.com/poco-x8-pro-green-256-gb/p/itme72bf861a71d4?pid=MOBHH2KYPWNUUFEQ&lid=LSTMOBHH2KYPWNUUFEQQ1Y5Z5&marketplace=FLIPKART&q=smart+phones&store=tyy%2F4io&srno=s_3_58&otracker=search&fm=organic&iid=b4a83d3d-354d-4d13-8876-2e28b806a719.MOBHH2KYPWNUUFEQ.SEARCH&ppt=None&ppn=None&ssid=wwmrwfsnu80000001784441536585&qH=a5594894156db043&ov_redirect=true,2026-07-19
59,"realme 15 Pro 5G (Silk Purple, 256 GB)",realme,31999,37999,15% off,4.3,"10,786",955,8 GB RAM,256 GB ROM,7000 mAh Battery,Snapdragon 7 Gen 4 Processor,17.27 cm (6.8 inch) Display,50MP + 50MP | 50MP Front Camera,,https://www.flipkart.com/realme-15-pro-5g-silk-purple-256-gb/p/itm216cdbf4baea0?pid=MOBHDVK2HHT3JHXA&lid=LSTMOBHDVK2HHT3JHXAWKMSUF&marketplace=FLIPKART&q=smart+phones&store=tyy%2F4io&srno=s_3_59&otracker=search&fm=organic&iid=b4a83d3d-354d-4d13-8876-2e28b806a719.MOBHDVK2HHT3JHXA.SEARCH&ppt=None&ppn=None&ssid=wwmrwfsnu80000001784441536585&qH=a5594894156db043&ov_redirect=true,2026-07-19
60,"OPPO Reno16c 5G (Starry White, 128 GB)",OPPO,46999,74999,37% off,4.3,59,9,8 GB RAM,128 GB ROM,7000 mAh lithium-ion polymer Battery,Dimensity 7300 Processor,16.69 cm (6.57 inch) Full HD+ Display,50MP + 8MP + 50MP | 50MP Front Camera,,https://www.flipkart.com/oppo-reno16c-5g-starry-white-128-gb/p/itm11564d55ef044?pid=MOBHZMBRJENF5PYK&lid=LSTMOBHZMBRJENF5PYKWDHAJH&marketplace=FLIPKART&q=smart+phones&store=tyy%2F4io&srno=s_3_60&otracker=search&fm=organic&iid=b4a83d3d-354d-4d13-8876-2e28b806a719.MOBHZMBRJENF5PYK.SEARCH&ppt=None&ppn=None&ssid=wwmrwfsnu80000001784441536585&qH=a5594894156db043&ov_redirect=true,2026-07-19
61,"MOTOROLA g57 power 5G Snapdragon (Pantone Corsair, 128 GB)",MOTOROLA,21999,,,4.4,"50,947","3,001",8 GB RAM,128 GB ROM,7000 mAh Battery,6s Gen 4 Processor,17.07 cm (6.72 inch) Full HD+ Display,50MP + 8MP | 8MP Front Camera,,https://www.flipkart.com/motorola-g57-power-5g-snapdragon-pantone-corsair-128-gb/p/itm8332e9aa80c32?pid=MOBHN974GHFYSJNH&lid=LSTMOBHN974GHFYSJNH7KFUEZ&marketplace=FLIPKART&q=smart+phones&store=tyy%2F4io&srno=s_3_61&otracker=search&fm=organic&iid=b4a83d3d-354d-4d13-8876-2e28b806a719.MOBHN974GHFYSJNH.SEARCH&ppt=None&ppn=None&ssid=wwmrwfsnu80000001784441536585&qH=a5594894156db043&ov_redirect=true,2026-07-19
62,"MOTOROLA g37 power (PANTONE Impenetrable, 128 GB)",MOTOROLA,21999,37999,42% off,4,419,32,8 GB RAM,128 GB ROM,7000 mAh Battery,Dimensity 6400 Processor,16.92 cm (6.66 inch) HD+ Display,50MP Rear Camera | 8MP Front Camera,,https://www.flipkart.com/motorola-g37-power-pantone-impenetrable-128-gb/p/itme156c3f7d6280?pid=MOBHMX5Y6G5HKRFS&lid=LSTMOBHMX5Y6G5HKRFSN2GAKT&marketplace=FLIPKART&q=smart+phones&store=tyy%2F4io&srno=s_3_62&otracker=search&fm=organic&iid=b4a83d3d-354d-4d13-8876-2e28b806a719.MOBHMX5Y6G5HKRFS.SEARCH&ppt=None&ppn=None&ssid=wwmrwfsnu80000001784441536585&qH=a5594894156db043&ov_redirect=true,2026-07-19
63,"POCO C75 5G (Enchanted Green, 64 GB)",POCO,10999,,,4.2,"1,51,045","6,832",4 GB RAM,64 GB ROM,5160 mAh Battery,4s Gen 2 5G Processor,17.48 cm (6.88 inch) HD+ Display,50MP Rear Camera | 5MP Front Camera,5G,https://www.flipkart.com/poco-c75-5g-enchanted-green-64-gb/p/itmf8fdd88f80fcc?pid=MOBH7443VEGWXG4G&lid=LSTMOBH7443VEGWXG4GOW118G&marketplace=FLIPKART&q=smart+phones&store=tyy%2F4io&srno=s_3_63&otracker=search&fm=organic&iid=b4a83d3d-354d-4d13-8876-2e28b806a719.MOBH7443VEGWXG4G.SEARCH&ppt=None&ppn=None&ssid=wwmrwfsnu80000001784441536585&qH=a5594894156db043&ov_redirect=true,2026-07-19
64,"realme P4 Pro 5G (Birch Wood, 256 GB)",realme,29999,30999,3% off,4.4,"19,253","1,534",8 GB RAM,256 GB ROM,7000 mAh Battery,Snapdragon 7 Gen 4 Mobile Processor,17.27 cm (6.8 inch) Full HD+ Display,50MP + 8MP | 50MP Front Camera,,https://www.flipkart.com/realme-p4-pro-5g-birch-wood-256-gb/p/itme41a54752cc21?pid=MOBHERXKVQED7HGC&lid=LSTMOBHERXKVQED7HGC54DD1I&marketplace=FLIPKART&q=smart+phones&store=tyy%2F4io&spotlightTagId=default_FkPickId_tyy%2F4io&srno=s_3_64&otracker=search&fm=organic&iid=b4a83d3d-354d-4d13-8876-2e28b806a719.MOBHERXKVQED7HGC.SEARCH&ppt=None&ppn=None&ssid=wwmrwfsnu80000001784441536585&qH=a5594894156db043&ov_redirect=true,2026-07-19
65,"POCO M8 (Frost Silver, 256 GB)",POCO,24999,29999,16% off,4.3,"1,830",153,8 GB RAM,256 GB ROM,5520 mAh Battery,,17.2 cm (6.77 inch) Full HD+ Display,50MP Rear Camera | 20MP Front Camera,,https://www.flipkart.com/poco-m8-frost-silver-256-gb/p/itm8c312b91832a8?pid=MOBHMGG52VFGBGZE&lid=LSTMOBHMGG52VFGBGZEZEW7SR&marketplace=FLIPKART&q=smart+phones&store=tyy%2F4io&srno=s_3_65&otracker=search&fm=organic&iid=b4a83d3d-354d-4d13-8876-2e28b806a719.MOBHMGG52VFGBGZE.SEARCH&ppt=None&ppn=None&ssid=wwmrwfsnu80000001784441536585&qH=a5594894156db043&ov_redirect=true,2026-07-19
66,"realme P4 5G (Steel Grey, 256 GB)",realme,28999,50999,43% off,4.4,"20,919","1,459",8 GB RAM,256 GB ROM,7000 mAh Battery,Mediatek Dimensity 7400 Processor,17.2 cm (6.77 inch) Display,50MP + 8MP | 16MP Front Camera,,https://www.flipkart.com/realme-p4-5g-steel-grey-256-gb/p/itmf836e6de035a5?pid=MOBHN7A8DRHCGTSU&lid=LSTMOBHN7A8DRHCGTSUBSMBDL&marketplace=FLIPKART&q=smart+phones&store=tyy%2F4io&srno=s_3_66&otracker=search&fm=organic&iid=b4a83d3d-354d-4d13-8876-2e28b806a719.MOBHN7A8DRHCGTSU.SEARCH&ppt=None&ppn=None&ssid=wwmrwfsnu80000001784441536585&qH=a5594894156db043&ov_redirect=true,2026-07-19
67,"realme P3 Ultra 5G (Orion Red, 256 GB)",realme,28999,33999,14% off,4.4,"21,813","2,137",8 GB RAM,256 GB ROM,6000 mAh Battery,Dimensity 8350 Ultra Processor,17.35 cm (6.83 inch) Display,50MP + 8MP | 16MP Front Camera,,https://www.flipkart.com/realme-p3-ultra-5g-orion-red-256-gb/p/itm50171223b4a05?pid=MOBHAYKEEZW7DS2N&lid=LSTMOBHAYKEEZW7DS2NPIW53Y&marketplace=FLIPKART&q=smart+phones&store=tyy%2F4io&srno=s_3_67&otracker=search&fm=organic&iid=b4a83d3d-354d-4d13-8876-2e28b806a719.MOBHAYKEEZW7DS2N.SEARCH&ppt=None&ppn=None&ssid=wwmrwfsnu80000001784441536585&qH=a5594894156db043&ov_redirect=true,2026-07-19
68,"Samsung M06 5G (Sage Green, 128 GB)",Samsung,16980,18999,10% off,4.1,"2,146",124,6 GB RAM,128 GB ROM,5000 mAh Battery,,17.02 cm (6.7 inch) Display,50MP Rear Camera,,https://www.flipkart.com/samsung-m06-5g-sage-green-128-gb/p/itmcafa42dadc15c?pid=MOBH9UYF3VCXJ279&lid=LSTMOBH9UYF3VCXJ279PNS4PQ&marketplace=FLIPKART&q=smart+phones&store=tyy%2F4io&srno=s_3_68&otracker=search&fm=organic&iid=b4a83d3d-354d-4d13-8876-2e28b806a719.MOBH9UYF3VCXJ279.SEARCH&ppt=None&ppn=None&ssid=wwmrwfsnu80000001784441536585&qH=a5594894156db043&ov_redirect=true,2026-07-19
69,"Ai+ Nova 2 5G (Purple, 128 GB)",Ai+,14999,,,4.2,"3,689",190,6 GB RAM,128 GB ROM,6000 mAh Battery,T8200 Processor,17.13 cm (6.745 inch) HD+ Display,50MP Rear Camera | 8MP Front Camera,,https://www.flipkart.com/ai-nova-2-5g-purple-128-gb/p/itm7c92b4bc5c2a3?pid=MOBHKHPYBCU4GZR3&lid=LSTMOBHKHPYBCU4GZR3MNY9GL&marketplace=FLIPKART&q=smart+phones&store=tyy%2F4io&srno=s_3_69&otracker=search&fm=organic&iid=b4a83d3d-354d-4d13-8876-2e28b806a719.MOBHKHPYBCU4GZR3.SEARCH&ppt=None&ppn=None&ssid=wwmrwfsnu80000001784441536585&qH=a5594894156db043&ov_redirect=true,2026-07-19
70,"Ai+ Pulse 2 (Blue, 128 GB)",Ai+,11999,,,3.8,"5,989",463,6 GB RAM,128 GB ROM,6000 mAh Battery,T7250 Processor,17.13 cm (6.745 inch) HD+ Display,50MP Rear Camera | 8MP Front Camera,,https://www.flipkart.com/ai-pulse-2-blue-128-gb/p/itmd59202944d081?pid=MOBHKHPYW49R78RA&lid=LSTMOBHKHPYW49R78RAW1E0DM&marketplace=FLIPKART&q=smart+phones&store=tyy%2F4io&srno=s_3_70&otracker=search&fm=organic&iid=b4a83d3d-354d-4d13-8876-2e28b806a719.MOBHKHPYW49R78RA.SEARCH&ppt=None&ppn=None&ssid=wwmrwfsnu80000001784441536585&qH=a5594894156db043&ov_redirect=true,2026-07-19
71,"MOTOROLA Edge 70 Fusion (Pantone BLUE SURF, 256 GB)",MOTOROLA,34999,49999,30% off,4.3,"2,883",258,12 GB RAM,256 GB ROM,7000 mAh Battery,Snapdragon 7s Gen 4 Processor,17.27 cm (6.8 inch) Super HD Display,50MP + 13MP | 32MP Front Camera,,https://www.flipkart.com/motorola-edge-70-fusion-pantone-blue-surf-256-gb/p/itm6383107cab140?pid=MOBHJ7TXRKFGRG3B&lid=LSTMOBHJ7TXRKFGRG3BZN4YCV&marketplace=FLIPKART&q=smart+phones&store=tyy%2F4io&srno=s_3_71&otracker=search&fm=organic&iid=b4a83d3d-354d-4d13-8876-2e28b806a719.MOBHJ7TXRKFGRG3B.SEARCH&ppt=None&ppn=None&ssid=wwmrwfsnu80000001784441536585&qH=a5594894156db043&ov_redirect=true,2026-07-19
72,"Ai+ Nova 2 5G (Blue, 128 GB)",Ai+,14999,,,4.2,"3,689",190,6 GB RAM,128 GB ROM,6000 mAh Battery,T8200 Processor,17.13 cm (6.745 inch) HD+ Display,50MP Rear Camera | 8MP Front Camera,,https://www.flipkart.com/ai-nova-2-5g-blue-128-gb/p/itm149ae9e602599?pid=MOBHKHPYRKWUQAA2&lid=LSTMOBHKHPYRKWUQAA2VQX454&marketplace=FLIPKART&q=smart+phones&store=tyy%2F4io&srno=s_3_72&otracker=search&fm=organic&iid=b4a83d3d-354d-4d13-8876-2e28b806a719.MOBHKHPYRKWUQAA2.SEARCH&ppt=None&ppn=None&ssid=wwmrwfsnu80000001784441536585&qH=a5594894156db043&ov_redirect=true,2026-07-19
73,"realme P4x 5G (Elegant Pink, 128 GB)",realme,20999,21999,4% off,4.3,"13,303",954,6 GB RAM,128 GB ROM,7000 mAh Battery,Dimensity 7400 Ultra Processor,17.07 cm (6.72 inch) Full HD+ Display,50MP + 2MP | 8MP Front Camera,,https://www.flipkart.com/realme-p4x-5g-elegant-pink-128-gb/p/itm575b1540859e4?pid=MOBHHWGMD2SAKRCJ&lid=LSTMOBHHWGMD2SAKRCJLOGF4A&marketplace=FLIPKART&q=smart+phones&store=tyy%2F4io&srno=s_4_73&otracker=search&fm=organic&iid=2a2b0294-3ad7-4efd-a9d3-558e7562c9e3.MOBHHWGMD2SAKRCJ.SEARCH&ppt=None&ppn=None&ssid=4cpf8xes340000001784441540010&qH=a5594894156db043&ov_redirect=true,2026-07-19
74,"OnePlus Nord CE6 Lite (Vivid Mint, 128 GB)",OnePlus,26384,33999,22% off,4.3,354,18,8 GB RAM,128 GB ROM,7000 mAh Battery,Mediatek Dimensity 7400 Processor,17.07 cm (6.72 inch) Full HD+ Display,8MP Rear Camera | 8MP Front Camera,,https://www.flipkart.com/oneplus-nord-ce6-lite-vivid-mint-128-gb/p/itm894a5599b758b?pid=MOBHN86VFKDWVHXF&lid=LSTMOBHN86VFKDWVHXFVQZ61Y&marketplace=FLIPKART&q=smart+phones&store=tyy%2F4io&srno=s_4_74&otracker=search&fm=organic&iid=2a2b0294-3ad7-4efd-a9d3-558e7562c9e3.MOBHN86VFKDWVHXF.SEARCH&ppt=None&ppn=None&ssid=4cpf8xes340000001784441540010&qH=a5594894156db043&ov_redirect=true,2026-07-19
75,"realme P4R 5G (Titanium Glare, 128 GB)",realme,18999,34999,45% off,4.3,"1,011",72,4 GB RAM,128 GB ROM,8000 mAh Lithium-ion polymer Battery,Dimensity 6300 Processor,17.27 cm (6.8 inch) HD+ Display,50MP Rear Camera | 8MP Front Camera,,https://www.flipkart.com/realme-p4r-5g-titanium-glare-128-gb/p/itmb42ae388c1ef6?pid=MOBHMYR3WJZZMJCK&lid=LSTMOBHMYR3WJZZMJCKWJWXFC&marketplace=FLIPKART&q=smart+phones&store=tyy%2F4io&srno=s_4_75&otracker=search&fm=organic&iid=2a2b0294-3ad7-4efd-a9d3-558e7562c9e3.MOBHMYR3WJZZMJCK.SEARCH&ppt=None&ppn=None&ssid=4cpf8xes340000001784441540010&qH=a5594894156db043&ov_redirect=true,2026-07-19
76,"HMD VIBE2 5G (Nordic Blue, 128 GB)",HMD,18999,24999,24% off,4.3,210,10,6 GB RAM,128 GB ROM,6000 mAh Li-Poly Battery,,17.02 cm (6.7 inch) HD+ Display,50MP Rear Camera | 8MP Front Camera,,https://www.flipkart.com/hmd-vibe2-5g-nordic-blue-128-gb/p/itm71c3ae6df2a26?pid=MOBHNS6YYSAJPVHZ&lid=LSTMOBHNS6YYSAJPVHZHEOKCG&marketplace=FLIPKART&q=smart+phones&store=tyy%2F4io&srno=s_4_76&otracker=search&fm=organic&iid=2a2b0294-3ad7-4efd-a9d3-558e7562c9e3.MOBHNS6YYSAJPVHZ.SEARCH&ppt=None&ppn=None&ssid=4cpf8xes340000001784441540010&qH=a5594894156db043&ov_redirect=true,2026-07-19
77,"MOTOROLA Edge 70 (PANTONE Lily Pad, 256 GB)",MOTOROLA,29999,34999,14% off,4.4,"6,105",608,8 GB RAM,256 GB ROM,5000 mAh Battery,Snapdragon® 7 Gen 4 Processor,17.02 cm (6.7 inch) Full HD+ AMOLED Display,50MP + 50MP | 50MP Front Camera,,https://www.flipkart.com/motorola-edge-70-pantone-lily-pad-256-gb/p/itm565ee9cacadf0?pid=MOBHHWX6M5AGUBZR&lid=LSTMOBHHWX6M5AGUBZRY4LLUZ&marketplace=FLIPKART&q=smart+phones&store=tyy%2F4io&srno=s_4_77&otracker=search&fm=organic&iid=2a2b0294-3ad7-4efd-a9d3-558e7562c9e3.MOBHHWX6M5AGUBZR.SEARCH&ppt=None&ppn=None&ssid=4cpf8xes340000001784441540010&qH=a5594894156db043&ov_redirect=true,2026-07-19
78,"MOTOROLA Edge 70 Pro+ (Satin-Luxe PANTONE Zinfandel (Maroon), 256 GB)",MOTOROLA,47999,84999,43% off,4.2,172,22,12 GB RAM,256 GB ROM,6500 mAh Silicon-Carbon Battery,Dimensity 8500 Extreme Processor,17.27 cm (6.8 inch) Full HD+ Super AMOLED Display,50MP + 50MP + 50MP | 50MP Front Camera,,https://www.flipkart.com/motorola-edge-70-pro-satin-luxe-pantone-zinfandel-maroon-256-gb/p/itm70caeee0ca941?pid=MOBHHXQRQJX8USUW&lid=LSTMOBHHXQRQJX8USUW4JLMTA&marketplace=FLIPKART&q=smart+phones&store=tyy%2F4io&srno=s_4_78&otracker=search&fm=organic&iid=2a2b0294-3ad7-4efd-a9d3-558e7562c9e3.MOBHHXQRQJX8USUW.SEARCH&ppt=None&ppn=None&ssid=4cpf8xes340000001784441540010&qH=a5594894156db043&ov_redirect=true,2026-07-19
79,"REDMI 13 5G (Hawaiian Blue, 128 GB)",REDMI,19846,19999,,4.2,"15,808",824,8 GB RAM,128 GB ROM,5030 mAh Battery,,17.25 cm (6.79 inch) Display,108MP Rear Camera,,https://www.flipkart.com/redmi-13-5g-hawaiian-blue-128-gb/p/itmbf96c9b15ce5e?pid=MOBH2SUHMUYBZSHY&lid=LSTMOBH2SUHMUYBZSHYP2BOMM&marketplace=FLIPKART&q=smart+phones&store=tyy%2F4io&srno=s_4_79&otracker=search&fm=organic&iid=2a2b0294-3ad7-4efd-a9d3-558e7562c9e3.MOBH2SUHMUYBZSHY.SEARCH&ppt=None&ppn=None&ssid=4cpf8xes340000001784441540010&qH=a5594894156db043&ov_redirect=true,2026-07-19
80,"POCO M7 5G (Ocean Blue, 128 GB)",POCO,13499,13999,3% off,4.3,"19,032",920,8 GB RAM,128 GB ROM,5160 mAh Battery,4 Gen 2 5G Processor,17.48 cm (6.88 inch) HD+ Display,50MP Rear Camera | 8MP Front Camera,5G,https://www.flipkart.com/poco-m7-5g-ocean-blue-128-gb/p/itm7c4a352930fde?pid=MOBH9HFJTH8SZWMZ&lid=LSTMOBH9HFJTH8SZWMZ6OVNR6&marketplace=FLIPKART&q=smart+phones&store=tyy%2F4io&srno=s_4_80&otracker=search&fm=organic&iid=2a2b0294-3ad7-4efd-a9d3-558e7562c9e3.MOBH9HFJTH8SZWMZ.SEARCH&ppt=None&ppn=None&ssid=4cpf8xes340000001784441540010&qH=a5594894156db043&ov_redirect=true,2026-07-19
81,"MOTOROLA g37 (PANTONE Nautical Blue, 64 GB)",MOTOROLA,14999,24999,40% off,4.4,"1,601",82,4 GB RAM,64 GB ROM,5200 mAh Battery,Dimensity 6400 Processor,16.92 cm (6.66 inch) HD+ Display,50MP Rear Camera | 8MP Front Camera,,https://www.flipkart.com/motorola-g37-pantone-nautical-blue-64-gb/p/itm5d235b295291f?pid=MOBHHWB6YAKNZGPB&lid=LSTMOBHHWB6YAKNZGPBGLLTUW&marketplace=FLIPKART&q=smart+phones&store=tyy%2F4io&srno=s_4_81&otracker=search&fm=organic&iid=2a2b0294-3ad7-4efd-a9d3-558e7562c9e3.MOBHHWB6YAKNZGPB.SEARCH&ppt=None&ppn=None&ssid=4cpf8xes340000001784441540010&qH=a5594894156db043&ov_redirect=true,2026-07-19
82,"Infinix GT 30 5G+ Pulse Green 128 (Pulse Green, 128 GB)",Infinix,21999,24999,12% off,4.4,"1,317",82,8 GB RAM,128 GB ROM,5500 mAh Battery,Dimensity 7400 Processor,17.22 cm (6.78 inch) Full HD+ AMOLED Display,64MP + 8MP | 13MP Front Camera,,https://www.flipkart.com/infinix-gt-30-5g-pulse-green-128-pulse-green-gb/p/itm666aa01d8a89d?pid=MOBHDQFAY7XQDHNK&lid=LSTMOBHDQFAY7XQDHNKJVNAJR&marketplace=FLIPKART&q=smart+phones&store=tyy%2F4io&srno=s_4_82&otracker=search&fm=organic&iid=2a2b0294-3ad7-4efd-a9d3-558e7562c9e3.MOBHDQFAY7XQDHNK.SEARCH&ppt=None&ppn=None&ssid=4cpf8xes340000001784441540010&qH=a5594894156db043&ov_redirect=true,2026-07-19
83,"Ai+ Nova 2 5G (Green, 128 GB)",Ai+,14999,,,4.2,"3,689",190,6 GB RAM,128 GB ROM,6000 mAh Battery,T8200 Processor,17.13 cm (6.745 inch) HD+ Display,50MP Rear Camera | 8MP Front Camera,,https://www.flipkart.com/ai-nova-2-5g-green-128-gb/p/itma2d4c7aa835c6?pid=MOBHKHPYZD3YHFTW&lid=LSTMOBHKHPYZD3YHFTWUC7RUJ&marketplace=FLIPKART&q=smart+phones&store=tyy%2F4io&srno=s_4_83&otracker=search&fm=organic&iid=2a2b0294-3ad7-4efd-a9d3-558e7562c9e3.MOBHKHPYZD3YHFTW.SEARCH&ppt=None&ppn=None&ssid=4cpf8xes340000001784441540010&qH=a5594894156db043&ov_redirect=true,2026-07-19
84,"HMD Vibe2 5G (Nordic Blue, 128 GB)",HMD,16999,19999,15% off,4.6,"3,670",280,4 GB RAM,128 GB ROM,6000 mAh Li-Poly Battery,,17.02 cm (6.7 inch) HD+ Display,50MP Rear Camera | 8MP Front Camera,,https://www.flipkart.com/hmd-vibe2-5g-nordic-blue-128-gb/p/itm71c3ae6df2a26?pid=MOBHN6XYNGZQCBWB&lid=LSTMOBHN6XYNGZQCBWBVAYNRE&marketplace=FLIPKART&q=smart+phones&store=tyy%2F4io&srno=s_4_84&otracker=search&fm=organic&iid=2a2b0294-3ad7-4efd-a9d3-558e7562c9e3.MOBHN6XYNGZQCBWB.SEARCH&ppt=None&ppn=None&ssid=4cpf8xes340000001784441540010&qH=a5594894156db043&ov_redirect=true,2026-07-19
85,"Infinix GT 30 5G+ Pulse Green 256 (Pulse Green, 256 GB)",Infinix,23999,26999,11% off,4.4,568,35,8 GB RAM,256 GB ROM,5500 mAh Battery,Dimensity 7400 Processor,17.22 cm (6.78 inch) Display,64MP + 8MP | 13MP Front Camera,,https://www.flipkart.com/infinix-gt-30-5g-pulse-green-256-pulse-green-gb/p/itmcf921cef089a4?pid=MOBHDQFA88J2VDCS&lid=LSTMOBHDQFA88J2VDCSRHOFFZ&marketplace=FLIPKART&q=smart+phones&store=tyy%2F4io&srno=s_4_85&otracker=search&fm=organic&iid=2a2b0294-3ad7-4efd-a9d3-558e7562c9e3.MOBHDQFA88J2VDCS.SEARCH&ppt=None&ppn=None&ssid=4cpf8xes340000001784441540010&qH=a5594894156db043&ov_redirect=true,2026-07-19
86,"REDMI 15 5G (Sandy Purple, 128 GB)",REDMI,22389,32999,32% off,4.3,"2,860",178,6 GB RAM,128 GB ROM,7000 mAh Battery,,17.53 cm (6.9 inch) Display,50MP Rear Camera,,https://www.flipkart.com/redmi-15-5g-sandy-purple-128-gb/p/itmd7bced8727891?pid=MOBHFH95KX2GA62H&lid=LSTMOBHFH95KX2GA62H1QUF2S&marketplace=FLIPKART&q=smart+phones&store=tyy%2F4io&srno=s_4_86&otracker=search&fm=organic&iid=2a2b0294-3ad7-4efd-a9d3-558e7562c9e3.MOBHFH95KX2GA62H.SEARCH&ppt=None&ppn=None&ssid=4cpf8xes340000001784441540010&qH=a5594894156db043&ov_redirect=true,2026-07-19
87,"realme P4 Pro 5G (Midnight Ivy, 256 GB)",realme,29999,30999,3% off,4.4,"19,253","1,534",8 GB RAM,256 GB ROM,7000 mAh Battery,Snapdragon 7 Gen 4 Mobile Processor,17.27 cm (6.8 inch) Full HD+ Display,50MP + 8MP | 50MP Front Camera,,https://www.flipkart.com/realme-p4-pro-5g-midnight-ivy-256-gb/p/itme41a54752cc21?pid=MOBHERXK3YKZUWWZ&lid=LSTMOBHERXK3YKZUWWZM7IFIN&marketplace=FLIPKART&q=smart+phones&store=tyy%2F4io&srno=s_4_87&otracker=search&fm=organic&iid=2a2b0294-3ad7-4efd-a9d3-558e7562c9e3.MOBHERXK3YKZUWWZ.SEARCH&ppt=None&ppn=None&ssid=4cpf8xes340000001784441540010&qH=a5594894156db043&ov_redirect=true,2026-07-19
88,"OPPO K14x 5G (Prism Violet, 64 GB)",OPPO,15999,19999,20% off,4.3,"5,708",300,4 GB RAM,64 GB ROM,6500 mAh Battery,Dimensity 6300 Processor,17.14 cm (6.75 inch) HD+ Display,,,https://www.flipkart.com/oppo-k14x-5g-prism-violet-64-gb/p/itm188c7a4b69292?pid=MOBHKZF3DGME8JHG&lid=LSTMOBHKZF3DGME8JHGGNMUIW&marketplace=FLIPKART&q=smart+phones&store=tyy%2F4io&srno=s_4_88&otracker=search&fm=organic&iid=2a2b0294-3ad7-4efd-a9d3-558e7562c9e3.MOBHKZF3DGME8JHG.SEARCH&ppt=None&ppn=None&ssid=4cpf8xes340000001784441540010&qH=a5594894156db043&ov_redirect=true,2026-07-19
89,"MOTOROLA Edge 70 Fusion (Pantone BLUE SURF, 256 GB)",MOTOROLA,34999,49999,30% off,4.3,"2,883",258,12 GB RAM,256 GB ROM,7000 mAh Battery,Snapdragon 7s Gen 4 Processor,17.27 cm (6.8 inch) Super HD Display,50MP + 13MP | 32MP Front Camera,,https://www.flipkart.com/motorola-edge-70-fusion-pantone-blue-surf-256-gb/p/itm6383107cab140?pid=MOBHJ7TXRKFGRG3B&lid=LSTMOBHJ7TXRKFGRG3BZN4YCV&marketplace=FLIPKART&q=smart+phones&store=tyy%2F4io&srno=s_4_89&otracker=search&fm=organic&iid=2a2b0294-3ad7-4efd-a9d3-558e7562c9e3.MOBHJ7TXRKFGRG3B.SEARCH&ppt=None&ppn=None&ssid=4cpf8xes340000001784441540010&qH=a5594894156db043&ov_redirect=true,2026-07-19
90,"OPPO Reno16 5G (Starry White, 256 GB)",OPPO,61999,89999,31% off,4.3,35,5,8 GB RAM,256 GB ROM,6700 mAh lithium-ion polymer Battery,7 Gen 4 Processor,16.05 cm (6.32 inch) Full HD+ Display,50MP + 50MP + 50MP | 50MP Front Camera,,https://www.flipkart.com/oppo-reno16-5g-starry-white-256-gb/p/itmeedd96ac4e26f?pid=MOBHZMBRFYYSGE2Y&lid=LSTMOBHZMBRFYYSGE2YFMFUAF&marketplace=FLIPKART&q=smart+phones&store=tyy%2F4io&srno=s_4_90&otracker=search&fm=organic&iid=2a2b0294-3ad7-4efd-a9d3-558e7562c9e3.MOBHZMBRFYYSGE2Y.SEARCH&ppt=None&ppn=None&ssid=4cpf8xes340000001784441540010&qH=a5594894156db043&ov_redirect=true,2026-07-19
91,"MOTOROLA g57 power 5G Snapdragon (Pantone Fluidity, 128 GB)",MOTOROLA,21999,,,4.4,"50,947","3,001",8 GB RAM,128 GB ROM,7000 mAh Battery,6s Gen 4 Processor,17.07 cm (6.72 inch) Full HD+ Display,50MP + 8MP | 8MP Front Camera,,https://www.flipkart.com/motorola-g57-power-5g-snapdragon-pantone-fluidity-128-gb/p/itm91f63bac8cd0f?pid=MOBHN974M3HHQ7CT&lid=LSTMOBHN974M3HHQ7CTSKENUK&marketplace=FLIPKART&q=smart+phones&store=tyy%2F4io&srno=s_4_91&otracker=search&fm=organic&iid=2a2b0294-3ad7-4efd-a9d3-558e7562c9e3.MOBHN974M3HHQ7CT.SEARCH&ppt=None&ppn=None&ssid=4cpf8xes340000001784441540010&qH=a5594894156db043&ov_redirect=true,2026-07-19
92,"Ai+ Pulse 2 (Black, 64 GB)",Ai+,9999,10999,9% off,4.3,"5,935",275,4 GB RAM,64 GB ROM,6000 mAh Battery,T7250 Processor,17.13 cm (6.745 inch) HD+ Display,50MP Rear Camera | 8MP Front Camera,,https://www.flipkart.com/ai-pulse-2-black-64-gb/p/itm7feca2e591fba?pid=MOBHKHPYGKYZ3YUN&lid=LSTMOBHKHPYGKYZ3YUNYJ4N4U&marketplace=FLIPKART&q=smart+phones&store=tyy%2F4io&srno=s_4_92&otracker=search&fm=organic&iid=2a2b0294-3ad7-4efd-a9d3-558e7562c9e3.MOBHKHPYGKYZ3YUN.SEARCH&ppt=None&ppn=None&ssid=4cpf8xes340000001784441540010&qH=a5594894156db043&ov_redirect=true,2026-07-19
93,"POCO C85 5G (Power Black, 128 GB)",POCO,16999,22999,26% off,4.3,"1,400",71,6 GB RAM,128 GB ROM,6000 mAh Lithium-Ion Polymer Battery,Dimensity 6300 Processor,17.53 cm (6.9 inch) HD+ Display,50MP Rear Camera | 8MP Front Camera,,https://www.flipkart.com/poco-c85-5g-power-black-128-gb/p/itm2003fa46382ff?pid=MOBHMGG5HZK65TMX&lid=LSTMOBHMGG5HZK65TMXLFDDWP&marketplace=FLIPKART&q=smart+phones&store=tyy%2F4io&srno=s_4_93&otracker=search&fm=organic&iid=2a2b0294-3ad7-4efd-a9d3-558e7562c9e3.MOBHMGG5HZK65TMX.SEARCH&ppt=None&ppn=None&ssid=4cpf8xes340000001784441540010&qH=a5594894156db043&ov_redirect=true,2026-07-19
94,"Ai+ Pulse 2 (Blue, 128 GB)",Ai+,11999,,,3.8,"5,989",463,6 GB RAM,128 GB ROM,6000 mAh Battery,T7250 Processor,17.13 cm (6.745 inch) HD+ Display,50MP Rear Camera | 8MP Front Camera,,https://www.flipkart.com/ai-pulse-2-blue-128-gb/p/itmd59202944d081?pid=MOBHKHPYW49R78RA&lid=LSTMOBHKHPYW49R78RAW1E0DM&marketplace=FLIPKART&q=smart+phones&store=tyy%2F4io&srno=s_4_94&otracker=search&fm=organic&iid=2a2b0294-3ad7-4efd-a9d3-558e7562c9e3.MOBHKHPYW49R78RA.SEARCH&ppt=None&ppn=None&ssid=4cpf8xes340000001784441540010&qH=a5594894156db043&ov_redirect=true,2026-07-19
95,"Ai+ Nova 2 Ultra 5G (with TWS) (Black, 128 GB)",Ai+,20999,26999,22% off,4.1,776,99,8 GB RAM,128 GB ROM,6000 mAh Li-polymer Battery,Dimensity 7400 Processor,17.22 cm (6.78 inch) Full HD+ AMOLED Display,50MP + 8MP | 13MP Front Camera,,https://www.flipkart.com/ai-nova-2-ultra-5g-with-tws-black-128-gb/p/itm627ebf8cdbe24?pid=MOBHHUFDPSYQMHXU&lid=LSTMOBHHUFDPSYQMHXUZYHMZS&marketplace=FLIPKART&q=smart+phones&store=tyy%2F4io&srno=s_4_95&otracker=search&fm=organic&iid=2a2b0294-3ad7-4efd-a9d3-558e7562c9e3.MOBHHUFDPSYQMHXU.SEARCH&ppt=None&ppn=None&ssid=4cpf8xes340000001784441540010&qH=a5594894156db043&ov_redirect=true,2026-07-19
96,"REDMI 15C 5G (Dusk Purple, 128 GB)",REDMI,20990,24990,16% off,4.2,332,26,8 GB RAM,128 GB ROM,6000 mAh Battery,,17.53 cm (6.9 inch) Display,50MP Rear Camera,,https://www.flipkart.com/redmi-15c-5g-dusk-purple-128-gb/p/itmc1345bb45eef3?pid=MOBHGGZ2AASSW7RG&lid=LSTMOBHGGZ2AASSW7RGVIK3GH&marketplace=FLIPKART&q=smart+phones&store=tyy%2F4io&srno=s_4_96&otracker=search&fm=organic&iid=2a2b0294-3ad7-4efd-a9d3-558e7562c9e3.MOBHGGZ2AASSW7RG.SEARCH&ppt=None&ppn=None&ssid=4cpf8xes340000001784441540010&qH=a5594894156db043&ov_redirect=true,2026-07-19
97,"Ai+ Pulse 2 (Black, 64 GB)",Ai+,9999,10999,9% off,4.3,"5,935",275,4 GB RAM,64 GB ROM,6000 mAh Battery,T7250 Processor,17.13 cm (6.745 inch) HD+ Display,50MP Rear Camera | 8MP Front Camera,,https://www.flipkart.com/ai-pulse-2-black-64-gb/p/itm7feca2e591fba?pid=MOBHKHPYGKYZ3YUN&lid=LSTMOBHKHPYGKYZ3YUNFT1CNO&marketplace=FLIPKART&q=smart+phones&store=tyy%2F4io&srno=s_5_97&otracker=search&fm=organic&iid=0f121aef-a7dc-4a8c-bf29-b20c4a6e8bde.MOBHKHPYGKYZ3YUN.SEARCH&ppt=None&ppn=None&ssid=er5mdyw1o00000001784441543430&qH=a5594894156db043&ov_redirect=true,2026-07-19
98,"POCO C85 5G (Power Black, 128 GB)",POCO,16999,22999,26% off,4.3,"1,400",71,6 GB RAM,128 GB ROM,6000 mAh Lithium-Ion Polymer Battery,Dimensity 6300 Processor,17.53 cm (6.9 inch) HD+ Display,50MP Rear Camera | 8MP Front Camera,,https://www.flipkart.com/poco-c85-5g-power-black-128-gb/p/itm2003fa46382ff?pid=MOBHMGG5HZK65TMX&lid=LSTMOBHMGG5HZK65TMXLFDDWP&marketplace=FLIPKART&q=smart+phones&store=tyy%2F4io&srno=s_5_98&otracker=search&fm=organic&iid=0f121aef-a7dc-4a8c-bf29-b20c4a6e8bde.MOBHMGG5HZK65TMX.SEARCH&ppt=None&ppn=None&ssid=er5mdyw1o00000001784441543430&qH=a5594894156db043&ov_redirect=true,2026-07-19
99,"REDMI 15C 5G (Dusk Purple, 128 GB)",REDMI,20990,24990,16% off,4.2,332,26,8 GB RAM,128 GB ROM,6000 mAh Battery,,17.53 cm (6.9 inch) Display,50MP Rear Camera,,https://www.flipkart.com/redmi-15c-5g-dusk-purple-128-gb/p/itmc1345bb45eef3?pid=MOBHGGZ2AASSW7RG&lid=LSTMOBHGGZ2AASSW7RGVIK3GH&marketplace=FLIPKART&q=smart+phones&store=tyy%2F4io&srno=s_5_99&otracker=search&fm=organic&iid=0f121aef-a7dc-4a8c-bf29-b20c4a6e8bde.MOBHGGZ2AASSW7RG.SEARCH&ppt=None&ppn=None&ssid=er5mdyw1o00000001784441543430&qH=a5594894156db043&ov_redirect=true,2026-07-19
100,"Ai+ Pulse 2 (Green, 128 GB)",Ai+,11999,,,3.8,"5,989",463,6 GB RAM,128 GB ROM,6000 mAh Battery,T7250 Processor,17.13 cm (6.745 inch) HD+ Display,50MP Rear Camera | 8MP Front Camera,,https://www.flipkart.com/ai-pulse-2-green-128-gb/p/itme10d6b42d3b31?pid=MOBHKHPYGZGYBD8H&lid=LSTMOBHKHPYGZGYBD8H1U3NOG&marketplace=FLIPKART&q=smart+phones&store=tyy%2F4io&srno=s_5_100&otracker=search&fm=organic&iid=0f121aef-a7dc-4a8c-bf29-b20c4a6e8bde.MOBHKHPYGZGYBD8H.SEARCH&ppt=None&ppn=None&ssid=er5mdyw1o00000001784441543430&qH=a5594894156db043&ov_redirect=true,2026-07-19
101,"realme 15 Pro 5G (Flowing Silver, 256 GB)",realme,32499,39999,18% off,4.4,"6,537",512,12 GB RAM,256 GB ROM,7000 mAh Battery,Snapdragon 7 Gen 4 Processor,17.27 cm (6.8 inch) Display,50MP + 50MP | 50MP Front Camera,,https://www.flipkart.com/realme-15-pro-5g-flowing-silver-256-gb/p/itm216cdbf4baea0?pid=MOBHDVK2ZHM5H8NP&lid=LSTMOBHDVK2ZHM5H8NPQ6QGN1&marketplace=FLIPKART&q=smart+phones&store=tyy%2F4io&srno=s_5_101&otracker=search&fm=organic&iid=0f121aef-a7dc-4a8c-bf29-b20c4a6e8bde.MOBHDVK2ZHM5H8NP.SEARCH&ppt=None&ppn=None&ssid=er5mdyw1o00000001784441543430&qH=a5594894156db043&ov_redirect=true,2026-07-19
102,"OPPO K14 5G (Prism Violet, 128 GB)",OPPO,19999,25999,23% off,4.5,"4,636",201,6 GB RAM,128 GB ROM,7000 mAh Battery,Dimensity 6300 Processor,17.14 cm (6.75 inch) HD+ Display,50MP Rear Camera | 8MP Front Camera,,https://www.flipkart.com/oppo-k14-5g-prism-violet-128-gb/p/itm2a5cc1d23c2af?pid=MOBHKQYYEP5PV9RH&lid=LSTMOBHKQYYEP5PV9RHMPIERZ&marketplace=FLIPKART&q=smart+phones&store=tyy%2F4io&srno=s_5_102&otracker=search&fm=organic&iid=0f121aef-a7dc-4a8c-bf29-b20c4a6e8bde.MOBHKQYYEP5PV9RH.SEARCH&ppt=None&ppn=None&ssid=er5mdyw1o00000001784441543430&qH=a5594894156db043&ov_redirect=true,2026-07-19
103,"MOTOROLA Edge 70 Fusion (Pantone COUNTRY AIR, 128 GB)",MOTOROLA,29999,42999,30% off,4.4,"13,379","1,269",8 GB RAM,128 GB ROM,7000 mAh Battery,Snapdragon 7s Gen 4 Processor,17.27 cm (6.8 inch) Super HD Display,50MP + 13MP | 32MP Front Camera,,https://www.flipkart.com/motorola-edge-70-fusion-pantone-country-air-128-gb/p/itm2b93872d33747?pid=MOBHJ7TXKWJTAHNH&lid=LSTMOBHJ7TXKWJTAHNHH7IMM4&marketplace=FLIPKART&q=smart+phones&store=tyy%2F4io&srno=s_5_103&otracker=search&fm=organic&iid=0f121aef-a7dc-4a8c-bf29-b20c4a6e8bde.MOBHJ7TXKWJTAHNH.SEARCH&ppt=None&ppn=None&ssid=er5mdyw1o00000001784441543430&qH=a5594894156db043&ov_redirect=true,2026-07-19
104,"OPPO K14 5G (Icy Blue, 256 GB)",OPPO,21999,27999,21% off,4.5,"4,636",201,6 GB RAM,256 GB ROM,7000 mAh Battery,Dimensity 6300 Processor,17.14 cm (6.75 inch) HD+ Display,50MP Rear Camera | 8MP Front Camera,,https://www.flipkart.com/oppo-k14-5g-icy-blue-256-gb/p/itm2a5cc1d23c2af?pid=MOBHKQYYPFBYDP3Z&lid=LSTMOBHKQYYPFBYDP3ZSQTALI&marketplace=FLIPKART&q=smart+phones&store=tyy%2F4io&srno=s_5_104&otracker=search&fm=organic&iid=0f121aef-a7dc-4a8c-bf29-b20c4a6e8bde.MOBHKQYYPFBYDP3Z.SEARCH&ppt=None&ppn=None&ssid=er5mdyw1o00000001784441543430&qH=a5594894156db043&ov_redirect=true,2026-07-19
105,"realme P4 5G (Steel Grey, 128 GB)",realme,24999,40999,39% off,4.4,"22,544","1,507",6 GB RAM,128 GB ROM,7000 mAh Battery,Mediatek Dimensity 7400 Processor,17.2 cm (6.77 inch) Display,50MP + 8MP | 16MP Front Camera,,https://www.flipkart.com/realme-p4-5g-steel-grey-128-gb/p/itmf836e6de035a5?pid=MOBHN7A8YFZ34HCZ&lid=LSTMOBHN7A8YFZ34HCZADUCUK&marketplace=FLIPKART&q=smart+phones&store=tyy%2F4io&srno=s_5_105&otracker=search&fm=organic&iid=0f121aef-a7dc-4a8c-bf29-b20c4a6e8bde.MOBHN7A8YFZ34HCZ.SEARCH&ppt=None&ppn=None&ssid=er5mdyw1o00000001784441543430&qH=a5594894156db043&ov_redirect=true,2026-07-19
106,"realme 15 Pro 5G (Velvet Green, 256 GB)",realme,31999,37999,15% off,4.3,"10,786",955,8 GB RAM,256 GB ROM,7000 mAh Battery,Snapdragon 7 Gen 4 Processor,17.27 cm (6.8 inch) Display,50MP + 50MP | 50MP Front Camera,,https://www.flipkart.com/realme-15-pro-5g-velvet-green-256-gb/p/itm216cdbf4baea0?pid=MOBHDVK2QGJBZC6Z&lid=LSTMOBHDVK2QGJBZC6ZZTFFLP&marketplace=FLIPKART&q=smart+phones&store=tyy%2F4io&srno=s_5_106&otracker=search&fm=organic&iid=0f121aef-a7dc-4a8c-bf29-b20c4a6e8bde.MOBHDVK2QGJBZC6Z.SEARCH&ppt=None&ppn=None&ssid=er5mdyw1o00000001784441543430&qH=a5594894156db043&ov_redirect=true,2026-07-19
107,"MOTOROLA Edge 70 Fusion (Pantone SILHOUETTE, 256 GB)",MOTOROLA,34999,49999,30% off,4.3,"2,883",258,12 GB RAM,256 GB ROM,7000 mAh Battery,Snapdragon 7s Gen 4 Processor,17.27 cm (6.8 inch) Super HD Display,50MP + 13MP | 32MP Front Camera,,https://www.flipkart.com/motorola-edge-70-fusion-pantone-silhouette-256-gb/p/itm4261a778cb993?pid=MOBHJ7TXQGMFR7D9&lid=LSTMOBHJ7TXQGMFR7D9SD24SW&marketplace=FLIPKART&q=smart+phones&store=tyy%2F4io&srno=s_5_107&otracker=search&fm=organic&iid=0f121aef-a7dc-4a8c-bf29-b20c4a6e8bde.MOBHJ7TXQGMFR7D9.SEARCH&ppt=None&ppn=None&ssid=er5mdyw1o00000001784441543430&qH=a5594894156db043&ov_redirect=true,2026-07-19
108,"REDMI 15 5G (Midnight Black, 128 GB)",REDMI,20989,32999,36% off,4.3,"2,860",178,6 GB RAM,128 GB ROM,7000 mAh Battery,,17.53 cm (6.9 inch) Display,50MP Rear Camera,,https://www.flipkart.com/redmi-15-5g-midnight-black-128-gb/p/itmd7bced8727891?pid=MOBHFH9544VVMQNN&lid=LSTMOBHFH9544VVMQNNK8ZBPH&marketplace=FLIPKART&q=smart+phones&store=tyy%2F4io&srno=s_5_108&otracker=search&fm=organic&iid=0f121aef-a7dc-4a8c-bf29-b20c4a6e8bde.MOBHFH9544VVMQNN.SEARCH&ppt=None&ppn=None&ssid=er5mdyw1o00000001784441543430&qH=a5594894156db043&ov_redirect=true,2026-07-19
109,"POCO M8 (Glacial Blue, 256 GB)",POCO,24999,29999,16% off,4.3,"1,830",153,8 GB RAM,256 GB ROM,5520 mAh Battery,,17.2 cm (6.77 inch) Full HD+ Display,50MP Rear Camera | 20MP Front Camera,,https://www.flipkart.com/poco-m8-glacial-blue-256-gb/p/itm99dfa9cac4d0e?pid=MOBHMGG5HRRKUHXX&lid=LSTMOBHMGG5HRRKUHXXW0KD1Z&marketplace=FLIPKART&q=smart+phones&store=tyy%2F4io&srno=s_5_109&otracker=search&fm=organic&iid=0f121aef-a7dc-4a8c-bf29-b20c4a6e8bde.MOBHMGG5HRRKUHXX.SEARCH&ppt=None&ppn=None&ssid=er5mdyw1o00000001784441543430&qH=a5594894156db043&ov_redirect=true,2026-07-19
110,"realme 15 5G (Silk Pink, 128 GB)",realme,29999,,,4.4,"11,006",915,8 GB RAM,128 GB ROM,7000 mAh Battery,Mediatek Dimensity 7300+ 5G Processor,17.27 cm (6.8 inch) Full HD+ Display,50MP + 8MP | 50MP Front Camera,5G,https://www.flipkart.com/realme-15-5g-silk-pink-128-gb/p/itme9581fbd0e97a?pid=MOBHDUKFCAYHHEPN&lid=LSTMOBHDUKFCAYHHEPNV0U5CZ&marketplace=FLIPKART&q=smart+phones&store=tyy%2F4io&srno=s_5_110&otracker=search&fm=organic&iid=0f121aef-a7dc-4a8c-bf29-b20c4a6e8bde.MOBHDUKFCAYHHEPN.SEARCH&ppt=None&ppn=None&ssid=er5mdyw1o00000001784441543430&qH=a5594894156db043&ov_redirect=true,2026-07-19
111,"Ai+ Nova 2 Ultra 5G (with TWS) (Purple, 128 GB)",Ai+,18999,25999,26% off,4.1,"1,505",159,6 GB RAM,128 GB ROM,6000 mAh Li-polymer Battery,Dimensity 7400 Processor,17.22 cm (6.78 inch) Full HD+ AMOLED Display,50MP + 8MP | 13MP Front Camera,,https://www.flipkart.com/ai-nova-2-ultra-5g-with-tws-purple-128-gb/p/itm349fcaf9f65ce?pid=MOBHHUFDR8MBYXHV&lid=LSTMOBHHUFDR8MBYXHVNFWMXI&marketplace=FLIPKART&q=smart+phones&store=tyy%2F4io&srno=s_5_111&otracker=search&fm=organic&iid=0f121aef-a7dc-4a8c-bf29-b20c4a6e8bde.MOBHHUFDR8MBYXHV.SEARCH&ppt=None&ppn=None&ssid=er5mdyw1o00000001784441543430&qH=a5594894156db043&ov_redirect=true,2026-07-19
112,"realme P4 Pro 5G (Birch Wood, 128 GB)",realme,27999,28999,3% off,4.4,"19,253","1,534",8 GB RAM,128 GB ROM,7000 mAh Battery,Snapdragon 7 Gen 4 Mobile Processor,17.27 cm (6.8 inch) Display,50MP + 8MP | 50MP Front Camera,,https://www.flipkart.com/realme-p4-pro-5g-birch-wood-128-gb/p/itme41a54752cc21?pid=MOBHERXKZCGAA4QC&lid=LSTMOBHERXKZCGAA4QCHSS5IQ&marketplace=FLIPKART&q=smart+phones&store=tyy%2F4io&srno=s_5_112&otracker=search&fm=organic&iid=0f121aef-a7dc-4a8c-bf29-b20c4a6e8bde.MOBHERXKZCGAA4QC.SEARCH&ppt=None&ppn=None&ssid=er5mdyw1o00000001784441543430&qH=a5594894156db043&ov_redirect=true,2026-07-19
113,"Infinix Hot 60 5G+ (Tundra Green, 128 GB)",Infinix,17999,,,4.3,"3,021",187,6 GB RAM,128 GB ROM,5200 mAh Battery,Dimensity 7020 Processor,17.02 cm (6.7 inch) HD+ Display,50MP Rear Camera | 8MP Front Camera,,https://www.flipkart.com/infinix-hot-60-5g-tundra-green-128-gb/p/itm2154889174b3a?pid=MOBHDMJZRBVMRQGZ&lid=LSTMOBHDMJZRBVMRQGZJUNUMG&marketplace=FLIPKART&q=smart+phones&store=tyy%2F4io&srno=s_5_113&otracker=search&fm=organic&iid=0f121aef-a7dc-4a8c-bf29-b20c4a6e8bde.MOBHDMJZRBVMRQGZ.SEARCH&ppt=None&ppn=None&ssid=er5mdyw1o00000001784441543430&qH=a5594894156db043&ov_redirect=true,2026-07-19
114,"OPPO K14x 5G (Prism Violet, 128 GB)",OPPO,19999,,,4.4,"2,685",127,6 GB RAM,128 GB ROM,6500 mAh Battery,Dimensity 6300 Processor,17.14 cm (6.75 inch) HD+ Display,,,https://www.flipkart.com/oppo-k14x-5g-prism-violet-128-gb/p/itm188c7a4b69292?pid=MOBHJQQ4PHAQBYMS&lid=LSTMOBHJQQ4PHAQBYMSYOVIPV&marketplace=FLIPKART&q=smart+phones&store=tyy%2F4io&srno=s_5_114&otracker=search&fm=organic&iid=0f121aef-a7dc-4a8c-bf29-b20c4a6e8bde.MOBHJQQ4PHAQBYMS.SEARCH&ppt=None&ppn=None&ssid=er5mdyw1o00000001784441543430&qH=a5594894156db043&ov_redirect=true,2026-07-19
115,"OnePlus Nord 6 (Pitch Black, 256 GB)",OnePlus,52582,56999,7% off,4.6,146,14,12 GB RAM,256 GB ROM,9000 mAh Battery,4 octa-core processor Processor,17.22 cm (6.78 inch) Full HD+ Display,50MP Rear Camera,,https://www.flipkart.com/oneplus-nord-6-pitch-black-256-gb/p/itmc49f71cdc4080?pid=MOBHMBXBMGCDHP55&lid=LSTMOBHMBXBMGCDHP55KOG3EV&marketplace=FLIPKART&q=smart+phones&store=tyy%2F4io&srno=s_5_115&otracker=search&fm=organic&iid=0f121aef-a7dc-4a8c-bf29-b20c4a6e8bde.MOBHMBXBMGCDHP55.SEARCH&ppt=None&ppn=None&ssid=er5mdyw1o00000001784441543430&qH=a5594894156db043&ov_redirect=true,2026-07-19
116,"POCO C85x (Sunset Gold, 128 GB)",POCO,14499,21999,34% off,4.1,"3,528",167,4 GB RAM,128 GB ROM,6300 mAh Lithium-Ion Polymer Battery,T8300 Processor,17.53 cm (6.9 inch) HD+ Display,32MP Rear Camera,,https://www.flipkart.com/poco-c85x-sunset-gold-128-gb/p/itm5e970a19e6ad3?pid=MOBHMGG5BR94DQRY&lid=LSTMOBHMGG5BR94DQRY8N6NYY&marketplace=FLIPKART&q=smart+phones&store=tyy%2F4io&srno=s_5_116&otracker=search&fm=organic&iid=0f121aef-a7dc-4a8c-bf29-b20c4a6e8bde.MOBHMGG5BR94DQRY.SEARCH&ppt=None&ppn=None&ssid=er5mdyw1o00000001784441543430&qH=a5594894156db043&ov_redirect=true,2026-07-19
117,"realme P4 Pro 5G (Midnight Ivy, 128 GB)",realme,27999,28999,3% off,4.4,"19,253","1,534",8 GB RAM,128 GB ROM,7000 mAh Battery,Snapdragon 7 Gen 4 Mobile Processor,17.27 cm (6.8 inch) Full HD+ Display,50MP + 8MP | 50MP Front Camera,,https://www.flipkart.com/realme-p4-pro-5g-midnight-ivy-128-gb/p/itme41a54752cc21?pid=MOBHERXKXPYUPFQG&lid=LSTMOBHERXKXPYUPFQGNBXMDH&marketplace=FLIPKART&q=smart+phones&store=tyy%2F4io&srno=s_5_117&otracker=search&fm=organic&iid=0f121aef-a7dc-4a8c-bf29-b20c4a6e8bde.MOBHERXKXPYUPFQG.SEARCH&ppt=None&ppn=None&ssid=er5mdyw1o00000001784441543430&qH=a5594894156db043&ov_redirect=true,2026-07-19
118,"REDMI 15C 5G (Dusk Purple, 128 GB)",REDMI,18990,31999,40% off,4.2,399,23,6 GB RAM,128 GB ROM,6000 mAh Battery,,17.53 cm (6.9 inch) Display,50MP Rear Camera,,https://www.flipkart.com/redmi-15c-5g-dusk-purple-128-gb/p/itmc1345bb45eef3?pid=MOBHGGZ25C5SGQGE&lid=LSTMOBHGGZ25C5SGQGE6NZ4D7&marketplace=FLIPKART&q=smart+phones&store=tyy%2F4io&srno=s_5_118&otracker=search&fm=organic&iid=0f121aef-a7dc-4a8c-bf29-b20c4a6e8bde.MOBHGGZ25C5SGQGE.SEARCH&ppt=None&ppn=None&ssid=er5mdyw1o00000001784441543430&qH=a5594894156db043&ov_redirect=true,2026-07-19
119,"MOTOROLA Edge 60 Fusion 5G (PANTONE Slipstream, 256 GB)",MOTOROLA,27999,37999,26% off,4.4,"47,137","2,763",12 GB RAM,256 GB ROM,5500 mAh Battery,Dimensity 7400 Processor,16.94 cm (6.67 inch) Display,50MP + 13MP | 32MP Front Camera,,https://www.flipkart.com/motorola-edge-60-fusion-5g-pantone-slipstream-256-gb/p/itmd3151f89e7078?pid=MOBHN974NUGGH4FH&lid=LSTMOBHN974NUGGH4FH6IKZHQ&marketplace=FLIPKART&q=smart+phones&store=tyy%2F4io&srno=s_5_119&otracker=search&fm=organic&iid=0f121aef-a7dc-4a8c-bf29-b20c4a6e8bde.MOBHN974NUGGH4FH.SEARCH&ppt=None&ppn=None&ssid=er5mdyw1o00000001784441543430&qH=a5594894156db043&ov_redirect=true,2026-07-19
120,"POCO M7 Plus 5G (Carbon Black, 128 GB)",POCO,17999,,,4.2,"6,092",396,8 GB RAM,128 GB ROM,7000 mAh Battery,Snapdragon 6s Gen 3 5G Processor,17.53 cm (6.9 inch) Full HD+ Display,50MP AI Dual Camera | 8MP Front Camera,5G,https://www.flipkart.com/poco-m7-plus-5g-carbon-black-128-gb/p/itm39c366869cc19?pid=MOBHETX6YMAG9NTF&lid=LSTMOBHETX6YMAG9NTFI40SAK&marketplace=FLIPKART&q=smart+phones&store=tyy%2F4io&srno=s_5_120&otracker=search&fm=organic&iid=0f121aef-a7dc-4a8c-bf29-b20c4a6e8bde.MOBHETX6YMAG9NTF.SEARCH&ppt=None&ppn=None&ssid=er5mdyw1o00000001784441543430&qH=a5594894156db043&ov_redirect=true,2026-07-19
121,"POCO C85x (Sunset Gold, 64 GB)",POCO,13499,20999,35% off,4.1,"3,528",167,4 GB RAM,64 GB ROM,6300 mAh Lithium-Ion Polymer Battery,T8300 Processor,17.53 cm (6.9 inch) HD+ Display,32MP Rear Camera,,https://www.flipkart.com/poco-c85x-sunset-gold-64-gb/p/itm6b8cdd362c306?pid=MOBHMGG5PYZRFMKU&lid=LSTMOBHMGG5PYZRFMKUWRLUZB&marketplace=FLIPKART&q=smart+phones&store=tyy%2F4io&srno=s_6_121&otracker=search&fm=organic&iid=8fba0d15-43d2-410a-abb4-321f920092e4.MOBHMGG5PYZRFMKU.SEARCH&ppt=None&ppn=None&ssid=2sgrbhnthc0000001784441546995&qH=a5594894156db043&ov_redirect=true,2026-07-19
122,"MOTOROLA Edge 70 Fusion (Pantone COUNTRY AIR, 512 GB)",MOTOROLA,37999,64999,41% off,4.3,"2,883",258,12 GB RAM,512 GB ROM,7000 mAh Battery,Snapdragon 7s Gen 4 Processor,17.27 cm (6.8 inch) Super HD Display,50MP + 13MP | 32MP Front Camera,,https://www.flipkart.com/motorola-edge-70-fusion-pantone-country-air-512-gb/p/itmde5ddcbb7c261?pid=MOBHNSA6ZRCZPWZE&lid=LSTMOBHNSA6ZRCZPWZEYKHMDG&marketplace=FLIPKART&q=smart+phones&store=tyy%2F4io&srno=s_6_122&otracker=search&fm=organic&iid=8fba0d15-43d2-410a-abb4-321f920092e4.MOBHNSA6ZRCZPWZE.SEARCH&ppt=None&ppn=None&ssid=2sgrbhnthc0000001784441546995&qH=a5594894156db043&ov_redirect=true,2026-07-19
123,"MOTOROLA g37 power (PANTONE Nautical Blue, 128 GB)",MOTOROLA,21999,37999,42% off,4,419,32,8 GB RAM,128 GB ROM,7000 mAh Battery,Dimensity 6400 Processor,16.92 cm (6.66 inch) HD+ Display,50MP Rear Camera | 8MP Front Camera,,https://www.flipkart.com/motorola-g37-power-pantone-nautical-blue-128-gb/p/itm48ade38c32669?pid=MOBHMX5YNNYGMVWH&lid=LSTMOBHMX5YNNYGMVWHYBPQ6L&marketplace=FLIPKART&q=smart+phones&store=tyy%2F4io&srno=s_6_123&otracker=search&fm=organic&iid=8fba0d15-43d2-410a-abb4-321f920092e4.MOBHMX5YNNYGMVWH.SEARCH&ppt=None&ppn=None&ssid=2sgrbhnthc0000001784441546995&qH=a5594894156db043&ov_redirect=true,2026-07-19
124,"POCO C85 5G (Power Black, 128 GB)",POCO,16999,22999,26% off,4.3,"1,400",71,6 GB RAM,128 GB ROM,6000 mAh Lithium-Ion Polymer Battery,Dimensity 6300 Processor,17.53 cm (6.9 inch) HD+ Display,50MP Rear Camera | 8MP Front Camera,,https://www.flipkart.com/poco-c85-5g-power-black-128-gb/p/itm2003fa46382ff?pid=MOBHMGG5HZK65TMX&lid=LSTMOBHMGG5HZK65TMXLFDDWP&marketplace=FLIPKART&q=smart+phones&store=tyy%2F4io&srno=s_6_124&otracker=search&fm=organic&iid=8fba0d15-43d2-410a-abb4-321f920092e4.MOBHMGG5HZK65TMX.SEARCH&ppt=None&ppn=None&ssid=2sgrbhnthc0000001784441546995&qH=a5594894156db043&ov_redirect=true,2026-07-19
125,"Ai+ Nova 2 5G (Black, 128 GB)",Ai+,13999,17499,20% off,4.4,"3,826",131,4 GB RAM,128 GB ROM,6000 mAh Battery,T8200 Processor,17.13 cm (6.745 inch) HD+ Display,50MP Rear Camera | 8MP Front Camera,,https://www.flipkart.com/ai-nova-2-5g-black-128-gb/p/itm8d7185004fb8a?pid=MOBHZPMCQYM4NVPC&lid=LSTMOBHZPMCQYM4NVPC2OYZJA&marketplace=FLIPKART&q=smart+phones&store=tyy%2F4io&srno=s_6_125&otracker=search&fm=organic&iid=8fba0d15-43d2-410a-abb4-321f920092e4.MOBHZPMCQYM4NVPC.SEARCH&ppt=None&ppn=None&ssid=2sgrbhnthc0000001784441546995&qH=a5594894156db043&ov_redirect=true,2026-07-19
126,"vivo T5x 5G (Star Silver, 128 GB)",vivo,27999,30999,9% off,4.4,"17,842","1,126",8 GB RAM,128 GB ROM,7200 mAh Li-ion Battery,Dimensity 7400-Turbo Processor,17.17 cm (6.76 inch) Display,50MP + 2MP | 32MP Front Camera,,https://www.flipkart.com/vivo-t5x-5g-star-silver-128-gb/p/itm7da8aa253e72b?pid=MOBHH69N2XATECZZ&lid=LSTMOBHH69N2XATECZZPPRNX7&marketplace=FLIPKART&q=smart+phones&store=tyy%2F4io&srno=s_6_126&otracker=search&fm=organic&iid=8fba0d15-43d2-410a-abb4-321f920092e4.MOBHH69N2XATECZZ.SEARCH&ppt=None&ppn=None&ssid=2sgrbhnthc0000001784441546995&qH=a5594894156db043&ov_redirect=true,2026-07-19
127,"Apple iPhone 16 (Black, 128 GB)",Apple,67900,69900,2% off,4.6,"1,95,977","6,907",,,,"A18 Chip, 6 Core Processor Processor",15.49 cm (6.1 inch) Super Retina XDR Display,48MP + 12MP | 12MP Front Camera,,https://www.flipkart.com/apple-iphone-16-black-128-gb/p/itmb07d67f995271?pid=MOBH4DQFG8NKFRDY&lid=LSTMOBH4DQFG8NKFRDYNBDOZI&marketplace=FLIPKART&q=smart+phones&store=tyy%2F4io&srno=s_6_127&otracker=search&fm=organic&iid=8fba0d15-43d2-410a-abb4-321f920092e4.MOBH4DQFG8NKFRDY.SEARCH&ppt=None&ppn=None&ssid=2sgrbhnthc0000001784441546995&qH=a5594894156db043&ov_redirect=true,2026-07-19
128,"POCO F7 5G (Phantom Black, 256 GB)",POCO,35999,,,4.4,"23,398","2,316",12 GB RAM,256 GB ROM,"Battery 7550mAh, 90W charger, 22.5W reverse charging",8s Gen 4 Processor,Display -6.83 inch 1.5K pOLED with 120 Hz refresh rate,Front camera -20MP with Portrait Mode | | Front Video Recording | Night Mode,,https://www.flipkart.com/poco-f7-5g-phantom-black-256-gb/p/itm632bdcafce49a?pid=MOBHCY2UG9GJJGCM&lid=LSTMOBHCY2UG9GJJGCMA8FJ7V&marketplace=FLIPKART&q=smart+phones&store=tyy%2F4io&srno=s_6_128&otracker=search&fm=organic&iid=8fba0d15-43d2-410a-abb4-321f920092e4.MOBHCY2UG9GJJGCM.SEARCH&ppt=None&ppn=None&ssid=2sgrbhnthc0000001784441546995&qH=a5594894156db043&ov_redirect=true,2026-07-19
129,"vivo T4 5G (Emerald Blaze, 256 GB)",vivo,28999,29999,3% off,4.4,"23,617","1,416",12 GB RAM,256 GB ROM,7300 mAh Battery,Snapdragon 7s Gen 3 5G Processor,17.2 cm (6.77 inch) Display,50MP (OIS) + 2MP | 32MP Front Camera,5G,https://www.flipkart.com/vivo-t4-5g-emerald-blaze-256-gb/p/itmc2634fd4daeb9?pid=MOBHATXZTSN6GQXH&lid=LSTMOBHATXZTSN6GQXHGQLWZ4&marketplace=FLIPKART&q=smart+phones&store=tyy%2F4io&srno=s_6_129&otracker=search&fm=organic&iid=8fba0d15-43d2-410a-abb4-321f920092e4.MOBHATXZTSN6GQXH.SEARCH&ppt=None&ppn=None&ssid=2sgrbhnthc0000001784441546995&qH=a5594894156db043&ov_redirect=true,2026-07-19
130,"LAVA Bold N2 Lite (Nilgiri Blue, 64 GB)",LAVA,8699,11499,24% off,3.6,29,1,3 GB RAM,64 GB ROM,5000 mAh Li-ion Battery,,17.14 cm (6.75 inch) HD+ Display,13MP Rear Camera | 5MP Front Camera,,https://www.flipkart.com/lava-bold-n2-lite-nilgiri-blue-64-gb/p/itm7556929e81999?pid=MOBHNSAGMSGG9AN2&lid=LSTMOBHNSAGMSGG9AN2WB6MUL&marketplace=FLIPKART&q=smart+phones&store=tyy%2F4io&srno=s_6_130&otracker=search&fm=organic&iid=8fba0d15-43d2-410a-abb4-321f920092e4.MOBHNSAGMSGG9AN2.SEARCH&ppt=None&ppn=None&ssid=2sgrbhnthc0000001784441546995&qH=a5594894156db043&ov_redirect=true,2026-07-19
131,"Infinix Hot 60 5G+ (Caramel Glow, 128 GB)",Infinix,17999,,,4.3,"3,021",187,6 GB RAM,128 GB ROM,5200 mAh Battery,Dimensity 7020 Processor,17.02 cm (6.7 inch) HD+ Display,50MP Rear Camera | 8MP Front Camera,,https://www.flipkart.com/infinix-hot-60-5g-caramel-glow-128-gb/p/itm2154889174b3a?pid=MOBHDMJZ5ZHEGK9G&lid=LSTMOBHDMJZ5ZHEGK9GSQSKG0&marketplace=FLIPKART&q=smart+phones&store=tyy%2F4io&srno=s_6_131&otracker=search&fm=organic&iid=8fba0d15-43d2-410a-abb4-321f920092e4.MOBHDMJZ5ZHEGK9G.SEARCH&ppt=None&ppn=None&ssid=2sgrbhnthc0000001784441546995&qH=a5594894156db043&ov_redirect=true,2026-07-19
132,"realme P4R 5G (Titanium Glare, 128 GB)",realme,20999,39999,47% off,4.4,"2,110",139,6 GB RAM,128 GB ROM,8000 mAh Lithium-ion polymer Battery,Dimensity 6300 Processor,17.27 cm (6.8 inch) HD+ Display,50MP Rear Camera | 8MP Front Camera,,https://www.flipkart.com/realme-p4r-5g-titanium-glare-128-gb/p/itmb42ae388c1ef6?pid=MOBHMYR3MZ62YN7F&lid=LSTMOBHMYR3MZ62YN7FSERUEO&marketplace=FLIPKART&q=smart+phones&store=tyy%2F4io&srno=s_6_132&otracker=search&fm=organic&iid=8fba0d15-43d2-410a-abb4-321f920092e4.MOBHMYR3MZ62YN7F.SEARCH&ppt=None&ppn=None&ssid=2sgrbhnthc0000001784441546995&qH=a5594894156db043&ov_redirect=true,2026-07-19
133,"Apple iPhone 17e (White, 256 GB)",Apple,62900,64900,3% off,4.6,300,31,,,,,15.49 cm (6.1 inch) Super Retina XDR Display,"48MP Rear Camera | A19 chip, 6 Core",,https://www.flipkart.com/apple-iphone-17e-white-256-gb/p/itmb0086ea331d77?pid=MOBHH2SHZTCY93VF&lid=LSTMOBHH2SHZTCY93VFVMMWSH&marketplace=FLIPKART&q=smart+phones&store=tyy%2F4io&srno=s_6_133&otracker=search&fm=organic&iid=8fba0d15-43d2-410a-abb4-321f920092e4.MOBHH2SHZTCY93VF.SEARCH&ppt=None&ppn=None&ssid=2sgrbhnthc0000001784441546995&qH=a5594894156db043&ov_redirect=true,2026-07-19
134,"realme P4R 5G (Silver Glare, 128 GB)",realme,20999,39999,47% off,4.4,"2,110",139,6 GB RAM,128 GB ROM,8000 mAh Lithium-ion polymer Battery,Dimensity 6300 Processor,17.27 cm (6.8 inch) HD+ Display,50MP Rear Camera | 8MP Front Camera,,https://www.flipkart.com/realme-p4r-5g-silver-glare-128-gb/p/itmb42ae388c1ef6?pid=MOBHMYR3NMRPYBY4&lid=LSTMOBHMYR3NMRPYBY4B2EWSJ&marketplace=FLIPKART&q=smart+phones&store=tyy%2F4io&srno=s_6_134&otracker=search&fm=organic&iid=8fba0d15-43d2-410a-abb4-321f920092e4.MOBHMYR3NMRPYBY4.SEARCH&ppt=None&ppn=None&ssid=2sgrbhnthc0000001784441546995&qH=a5594894156db043&ov_redirect=true,2026-07-19
135,"realme P4 Lite (Beach Gold, 128 GB)",realme,13999,,,4,"4,114",219,4 GB RAM,128 GB ROM,6300 mAh Battery,T7250 Processor,17.14 cm (6.75 inch) HD+ Display,13MP Rear Camera | 5MP Front Camera,,https://www.flipkart.com/realme-p4-lite-beach-gold-128-gb/p/itm534024e2339ef?pid=MOBHK685K37ZCSPU&lid=LSTMOBHK685K37ZCSPUTZ3SXB&marketplace=FLIPKART&q=smart+phones&store=tyy%2F4io&srno=s_6_135&otracker=search&fm=organic&iid=8fba0d15-43d2-410a-abb4-321f920092e4.MOBHK685K37ZCSPU.SEARCH&ppt=None&ppn=None&ssid=2sgrbhnthc0000001784441546995&qH=a5594894156db043&ov_redirect=true,2026-07-19
136,"OnePlus Nord CE6 (Lunar Pearl, 256 GB)",OnePlus,39769,43999,9% off,4.5,485,33,8 GB RAM,256 GB ROM,8000 mAh Battery,Qualcomm® Snapdragon™ 7s Gen 4 Processor,17.22 cm (6.78 inch) Full HD+ Display,50MP Rear Camera | 2MP Front Camera,,https://www.flipkart.com/oneplus-nord-ce6-lunar-pearl-256-gb/p/itmd7b224b18cb05?pid=MOBHN8CDHYCYJFMQ&lid=LSTMOBHN8CDHYCYJFMQE1ZKDU&marketplace=FLIPKART&q=smart+phones&store=tyy%2F4io&srno=s_6_136&otracker=search&fm=organic&iid=8fba0d15-43d2-410a-abb4-321f920092e4.MOBHN8CDHYCYJFMQ.SEARCH&ppt=None&ppn=None&ssid=2sgrbhnthc0000001784441546995&qH=a5594894156db043&ov_redirect=true,2026-07-19
137,"vivo T5x 5G (Cyber Green, 128 GB)",vivo,24999,28999,13% off,4.4,"14,708",805,6 GB RAM,128 GB ROM,7200 mAh Li-ion Battery,Dimensity 7400-Turbo Processor,17.17 cm (6.76 inch) Display,50MP + 2MP | 32MP Front Camera,,https://www.flipkart.com/vivo-t5x-5g-cyber-green-128-gb/p/itm7da8aa253e72b?pid=MOBHH69NGFZAYK6M&lid=LSTMOBHH69NGFZAYK6MYQKNQD&marketplace=FLIPKART&q=smart+phones&store=tyy%2F4io&srno=s_6_137&otracker=search&fm=organic&iid=8fba0d15-43d2-410a-abb4-321f920092e4.MOBHH69NGFZAYK6M.SEARCH&ppt=None&ppn=None&ssid=2sgrbhnthc0000001784441546995&qH=a5594894156db043&ov_redirect=true,2026-07-19
138,"vivo T5x 5G (Star Silver, 128 GB)",vivo,24999,28999,13% off,4.4,"14,708",805,6 GB RAM,128 GB ROM,7200 mAh Li-ion Battery,Dimensity 7400-Turbo Processor,17.17 cm (6.76 inch) Display,50MP + 2MP | 32MP Front Camera,,https://www.flipkart.com/vivo-t5x-5g-star-silver-128-gb/p/itm7da8aa253e72b?pid=MOBHH69NRE6PHFBH&lid=LSTMOBHH69NRE6PHFBHJHMXME&marketplace=FLIPKART&q=smart+phones&store=tyy%2F4io&srno=s_6_138&otracker=search&fm=organic&iid=8fba0d15-43d2-410a-abb4-321f920092e4.MOBHH69NRE6PHFBH.SEARCH&ppt=None&ppn=None&ssid=2sgrbhnthc0000001784441546995&qH=a5594894156db043&ov_redirect=true,2026-07-19
139,"Apple iPhone 17 Pro Max (Cosmic Orange, 256 GB)",Apple,145900,149900,2% off,4.7,"1,694",131,,,,"A19 Chip, 6 Core Processor Processor",17.53 cm (6.9 inch) Super Retina XDR Display,48MP + 48MP + 48MP | 18MP Front Camera,,https://www.flipkart.com/apple-iphone-17-pro-max-cosmic-orange-256-gb/p/itm81f3a173391c4?pid=MOBHFN6YQKMWVPXH&lid=LSTMOBHFN6YQKMWVPXH7A8B5U&marketplace=FLIPKART&q=smart+phones&store=tyy%2F4io&srno=s_6_139&otracker=search&fm=organic&iid=8fba0d15-43d2-410a-abb4-321f920092e4.MOBHFN6YQKMWVPXH.SEARCH&ppt=None&ppn=None&ssid=2sgrbhnthc0000001784441546995&qH=a5594894156db043&ov_redirect=true,2026-07-19
140,"Samsung Galaxy A06 5G (Light Gray, 64 GB)",Samsung,13758,15499,11% off,4.1,"4,234",260,4 GB RAM,64 GB ROM,5000 mAh Battery,mediatek Processor,17.02 cm (6.7 inch) HD+ Display,50MP + 50MP | 8MP + 2MP Dual Front Camera,,https://www.flipkart.com/samsung-galaxy-a06-5g-light-gray-64-gb/p/itmf71de68343c6b?pid=MOBH9YKVEHBDSPCF&lid=LSTMOBH9YKVEHBDSPCFPZN9IN&marketplace=FLIPKART&q=smart+phones&store=tyy%2F4io&srno=s_6_140&otracker=search&fm=organic&iid=8fba0d15-43d2-410a-abb4-321f920092e4.MOBH9YKVEHBDSPCF.SEARCH&ppt=None&ppn=None&ssid=2sgrbhnthc0000001784441546995&qH=a5594894156db043&ov_redirect=true,2026-07-19
141,"vivo X200T (Seaside Lilac, 512 GB)",vivo,69999,87999,20% off,4.6,"6,594","1,161",12 GB RAM,512 GB ROM,6200 mAh Battery,Dimensity 9400+ Processor,16.94 cm (6.67 inch) Full HD+ AMOLED Display,50MP + 50MP + 50MP | 32MP Front Camera,,https://www.flipkart.com/vivo-x200t-seaside-lilac-512-gb/p/itm1b8452d68859b?pid=MOBHJK5MSMEHG5XS&lid=LSTMOBHJK5MSMEHG5XSJDE1VZ&marketplace=FLIPKART&q=smart+phones&store=tyy%2F4io&srno=s_6_141&otracker=search&fm=organic&iid=8fba0d15-43d2-410a-abb4-321f920092e4.MOBHJK5MSMEHG5XS.SEARCH&ppt=None&ppn=None&ssid=2sgrbhnthc0000001784441546995&qH=a5594894156db043&ov_redirect=true,2026-07-19
142,"OnePlus N6 5G (Fresh Mint, 128 GB)",OnePlus,22295,30999,28% off,4.4,7,0,4 GB RAM,128 GB ROM,8000 mAh Battery,,17.27 cm (6.8 inch) Display,50MP Rear Camera,,https://www.flipkart.com/oneplus-n6-5g-fresh-mint-128-gb/p/itm73a3c7e824695?pid=MOBHZVFJZJS8EE7G&lid=LSTMOBHZVFJZJS8EE7GGJ2DEH&marketplace=FLIPKART&q=smart+phones&store=tyy%2F4io&srno=s_6_142&otracker=search&fm=organic&iid=8fba0d15-43d2-410a-abb4-321f920092e4.MOBHZVFJZJS8EE7G.SEARCH&ppt=None&ppn=None&ssid=2sgrbhnthc0000001784441546995&qH=a5594894156db043&ov_redirect=true,2026-07-19
143,"Ai+ Nova 2 5G (Purple, 128 GB)",Ai+,14999,,,4.2,"3,689",190,6 GB RAM,128 GB ROM,6000 mAh Battery,T8200 Processor,17.13 cm (6.745 inch) HD+ Display,50MP Rear Camera | 8MP Front Camera,,https://www.flipkart.com/ai-nova-2-5g-purple-128-gb/p/itm7c92b4bc5c2a3?pid=MOBHKHPYBCU4GZR3&lid=LSTMOBHKHPYBCU4GZR3MNY9GL&marketplace=FLIPKART&q=smart+phones&store=tyy%2F4io&srno=s_6_143&otracker=search&fm=organic&iid=8fba0d15-43d2-410a-abb4-321f920092e4.MOBHKHPYBCU4GZR3.SEARCH&ppt=None&ppn=None&ssid=2sgrbhnthc0000001784441546995&qH=a5594894156db043&ov_redirect=true,2026-07-19
144,"Samsung Galaxy A35 5G (Awesome Navy, 128 GB)",Samsung,18999,33999,44% off,4.4,"77,947","5,052",8 GB RAM,128 GB ROM,5000 mAh Battery,Samsung Exynos 1380 Processor,16.76 cm (6.6 inch) Full HD+ Display,50MP + 8MP + 5MP | 13MP Front Camera,,https://www.flipkart.com/samsung-galaxy-a35-5g-awesome-navy-128-gb/p/itm12fccc5bfbaac?pid=MOBGYT2HGFKNMSZQ&lid=LSTMOBGYT2HGFKNMSZQZQCIPS&marketplace=FLIPKART&q=smart+phones&store=tyy%2F4io&srno=s_6_144&otracker=search&fm=organic&iid=8fba0d15-43d2-410a-abb4-321f920092e4.MOBGYT2HGFKNMSZQ.SEARCH&ppt=None&ppn=None&ssid=2sgrbhnthc0000001784441546995&qH=a5594894156db043&ov_redirect=true,2026-07-19
